text,simple_bullets,better_bullets,who_is_better,reason
"The following is the full transcript of an interview with Education Secretary Miguel Cardona that aired Sunday, January 2, 2022, on ""Face the Nation.""
MARGARET BRENNAN: We go now to the Secretary of Education, Miguel Cardona, who joins us from Meriden, Connecticut. Good morning to you and Happy New Year.
EDUCATION SECRETARY MIGUEL CARDONA: Good morning, MARGARET. Happy New Year to you as well.
MARGARET BRENNAN: You told me back in Nov. that there is no excuse for schools to be anything but in-person. Do you stand by that statement now?
SEC. CARDONA: I know we've had an Omicron surge, but I still believe very firmly and very passionately not only as an educator, but as a parent, that our students belong in the classroom, and we can do it safely. We have better tools than we had in the past to get it done. We know what works, and I believe even with Omicron, our default should be in-person learning for all students across the country.
MARGARET BRENNAN: But then you are seeing school districts already go through closures more than 2,000 so far, according to Burbio. Teacher's unions, including the largest one in your home state of Connecticut, have said they want a delayed return because they don't have access to testing. They are concerned about infections among young children. So, it seems some of the educators disagree with you.
SEC. CARDONA: Right. You know, the goal is to have students and staff be safe in their classrooms with the use of the mitigation strategies- with a whole host of strategies that we have now that we didn't have when we were having these conversations in Mar. 2020 and to open the school year, the previous year. We have access to vaccinations for students ages five and up. We have testing that's- a different pool of tests than what we're seeing now, where we see people scrambling for tests. When the American Rescue Plan passed, there was $10 billion for surveillance testing for our districts. And we're seeing districts implementing strategies now to do surveillance testing to ensure that classrooms are safe. We understand there may be bumps in the road tomorrow. Superintendents today are getting phone calls, learning that some of their schools may have five to 10% of their staff not available due to COVID-19. So, we recognize that temporary emergency calls may be necessary to keep children safe.--
MARGARET BRENNAN: How widespread is that?
SEC. CARDONA: –But it's the expectation that through the use of American Rescue Plan funds, we address some of the shortages in staffing for the long term benefit of our students and our families.
MARGARET BRENNAN: Well, I understand the 10 billion that was allocated in the American Rescue Plan that was months ago, but today school districts are saying they don't have the tests. 
SEC. CARDONA: Right.
MARGARET BRENNAN: Whose fault is that if the money was allocated?
SEC. CARDONA: Right. Well, we know that this Omicron came quickly, and in many districts, there aren't systems set up yet. We're working closely with those systems. We've partnered with the Rockefeller Foundation to help develop contracts. And we're seeing in many large districts across the country that they do have them. That, coupled with what we know, is going to help having a shorter quarantine period. We do believe our schools can remain open. We have to stay vigilant. We have to stay focused and those mitigation strategies that work and we have to continue to work together to give our students a chance to learn in the classroom.
MARGARET BRENNAN: So, you say now the testing is being set up, so are you saying that the federal government can ensure that every school district in the country has an adequate supply of testing this week?
SEC. CARDONA: What I'm saying is that we are working with districts to set up systems that maybe we're not set up when there was a- a dip in spread. But we're working closely now to make sure that they're being set up. We're working really hard to make sure that they have access to tests and that they have resources to provide testing.
MARGARET BRENNAN: So, we know remote learning has hurt children. Emotionally, we are seeing the impacts of that as well, but you have teacher shortages also due to a hit to morale. People don't want to go into that classroom, many of them. Have you gotten on the phone and asked the teachers unions to still show up in person?
SEC. CARDONA: Since the beginning of the pandemic, even before I was Secretary of Education, when I was serving as commissioner here in Connecticut, we work together and we had to communicate the importance of in-person learning, but also in making sure that our educators are safe and have the support that they need. That's why it was critically important with the American Rescue Plan to have funds available to provide that safety that they needed. Vaccinations for educators was early- I mean, the president announced that, I believe it was in March and we had over 90% of our educators vaccinated by the summer. It- it- that shouldn't stop. We need to support our educators and give them the tools that they need to be successful not only during this pandemic but beyond. And I do believe that not only with American Rescue Plan, but with the plans, the proposal with the build back better agenda, we're really going to be lifting the profession the way it should be lifted. Our educators- it doesn't take a pandemic for us to appreciate what teachers can do. We need to continue to support them not only during the pandemic but beyond. 
MARGARET BRENNAN: Right. But that's why I'm asking what you've asked the teachers union to do because out in Chicago, in Massachusetts, in Connecticut, you have teachers saying they don't feel safe.
SEC. CARDONA: Well, the message hasn't changed. We need to make sure we're following mitigation strategies. We're supporting our educators by providing a safe learning environment. We're providing vaccination for our students as young as five so that the whole school community is safe. And we're providing surveillance testing to make sure that if someone is sick, that they stay home. So those are the things that we can do to provide a safe school environment, and we need to double down now that Omicron is higher to make sure that we're doing that. But it works. You know, we went from 47% of our schools open in-person in Jan. of last year to 99% in Dec. We know what works. We have to stick to it. We have to support our educators, our families. And most importantly, we have to support our students.
MARGARET BRENNAN: The White House said that the unvaccinated faced a severe winter of death. Children under five cannot be vaccinated. What is your message to the parents of a kindergartner or preschooler when they send their child into the classroom? What are they supposed to think about that?
SEC. CARDONA: Right. You know, and I think about those parents regularly, I remember having to reopen schools before we had vaccines for any children. And before we had the science that we have now. So, I remember how difficult it was as a parent myself– 
MARGARET BRENNAN: Right, but I'm talking about now and White House language about now.
SEC. CARDONA: Right. So, my message to those parents is the same message, and this is why I was mentioning that, is the same message I have to parents for the last year and a half. Mitigation strategies work when we have masks and when we're ensuring that if students are sick, they stay home. When we ensure that the people around them are vaccinated. We're protecting those children as well. But I also want to remind you of the impact on children when they were not at school, when they were home alone, when they weren't with their peers, or when they were bouncing around because their parents were working, and they couldn't stay home alone. So, it's really a community-based effort, protect ourselves with mitigation strategies and make sure if you're eligible to be vaccinated, that you get vaccinated.
MARGARET BRENNAN: Right. Well, we know we will be tracking that. Thank you, and good luck to you, Mr. Secretary. We'll be right back with– 
SEC. CARDONA: Thank you.
MARGARET BRENNAN: – more FACE THE NATION. Stay with us.

###

 conversation:","- Interview aired on January 2, 2022, on ""Face the Nation""
- Education Secretary Miguel Cardona joined from Meriden, Connecticut
- Cardona's stance:
  - Strongly believes students belong in classrooms
  - Advocates for in-person learning despite Omicron surge
  - Emphasizes safety measures and tools available now
- School closures:
  - Over 2,000 closures reported
  - Teacher unions requesting delayed returns due to testing access and infection concerns
- Mitigation strategies:
  - Importance of safety for students and staff
  - Access to vaccinations for students aged five and up
  - $10 billion allocated for surveillance testing in schools
- Challenges faced:
  - Some districts lack testing systems
  - Temporary emergency measures may be necessary due to staffing shortages
- Federal government's role:
  - Working with districts to establish testing systems
  - Ensuring access to tests and resources
- Impact of remote learning:
  - Emotional and morale issues among students and teachers
  - Need for continued support for educators
- Vaccination efforts:
  - Over 90% of educators vaccinated by summer 2021
  - Ongoing support needed for teachers beyond the pandemic
- Message to parents:
  - Emphasizes importance of mitigation strategies
  - Encourages vaccination for eligible individuals
  - Highlights negative impacts of remote learning on children
- Overall goal:
  - Maintain safe learning environments
  - Support educators, families, and students","# Interview with Education Secretary Miguel Cardona

Education Secretary Miguel Cardona emphasizes the importance of in-person learning despite challenges posed by the Omicron variant.

## In-Person Learning Commitment
- **Statement:** Cardona stands by his November statement advocating for in-person learning.
- **Current Situation:** Over 2,000 school closures reported due to the Omicron surge.
- **Mitigation Strategies:** Schools have better tools now, including vaccinations for students aged five and up.
- **Funding:** $10 billion allocated from the American Rescue Plan for surveillance testing in schools.
- **Staffing Issues:** Some districts report 5-10% staff shortages due to COVID-19.
  
The commitment to in-person learning remains strong, despite ongoing challenges.

---

## Testing and Resources
- **Testing Availability:** Cardona acknowledges that some districts lack adequate testing systems.
- **Partnerships:** Collaboration with the Rockefeller Foundation to develop testing contracts.
- **Federal Support:** Efforts are underway to ensure districts have access to necessary testing resources.

The federal government is actively working to improve testing availability in schools.

---

## Educator Support and Safety
- **Teacher Morale:** Teacher shortages are linked to low morale and safety concerns.
- **Vaccination Rates:** Over 90% of educators vaccinated by summer 2021.
- **Ongoing Support:** Emphasis on providing tools and safety measures for educators.

Supporting educators is crucial for maintaining a safe and effective learning environment.

---

## Message to Parents
- **Safety Assurance:** Cardona reassures parents about the safety of in-person learning through mitigation strategies.
- **Impact of Remote Learning:** Highlights negative effects of remote learning on children’s well-being.
- **Community Effort:** Encourages vaccination and adherence to safety measures to protect children.

Parents are urged to trust in safety measures while recognizing the importance of in-person education.",v1 is better,
"A man stood upon a railroad bridge in northern Alabama, looking down into the
swift water twenty feet below. The man’s hands were behind his back, the
wrists bound with a cord. A rope closely encircled his neck. It was attached to
a stout cross-timber above his head and the slack fell to the level of his
knees. Some loose boards laid upon the ties supporting the rails of the railway
supplied a footing for him and his executioners—two private soldiers of
the Federal army, directed by a sergeant who in civil life may have been a
deputy sheriff. At a short remove upon the same temporary platform was an
officer in the uniform of his rank, armed. He was a captain. A sentinel at each
end of the bridge stood with his rifle in the position known as
“support,” that is to say, vertical in front of the left shoulder,
the hammer resting on the forearm thrown straight across the chest—a
formal and unnatural position, enforcing an erect carriage of the body. It did
not appear to be the duty of these two men to know what was occurring at the
center of the bridge; they merely blockaded the two ends of the foot planking
that traversed it.


The man who was engaged in being hanged was apparently about thirty-five years
of age. He was a civilian, if one might judge from his habit, which was that of
a planter. His features were good—a straight nose, firm mouth, broad
forehead, from which his long, dark hair was combed straight back, falling
behind his ears to the collar of his well fitting frock coat. He wore a
moustache and pointed beard, but no whiskers; his eyes were large and dark
gray, and had a kindly expression which one would hardly have expected in one
whose neck was in the hemp. Evidently this was no vulgar assassin. The liberal
military code makes provision for hanging many kinds of persons, and gentlemen
are not excluded.


The preparations being complete, the two private soldiers stepped aside and
each drew away the plank upon which he had been standing. The sergeant turned
to the captain, saluted and placed himself immediately behind that officer, who
in turn moved apart one pace. These movements left the condemned man and the
sergeant standing on the two ends of the same plank, which spanned three of the
cross-ties of the bridge. The end upon which the civilian stood almost, but not
quite, reached a fourth. This plank had been held in place by the weight of the
captain; it was now held by that of the sergeant. At a signal from the former
the latter would step aside, the plank would tilt and the condemned man go down
between two ties. The arrangement commended itself to his judgement as simple
and effective. His face had not been covered nor his eyes bandaged. He looked a
moment at his “unsteadfast footing,” then let his gaze wander to
the swirling water of the stream racing madly beneath his feet. A piece of
dancing driftwood caught his attention and his eyes followed it down the
current. How slowly it appeared to move! What a sluggish stream!


He unclosed his eyes and saw again the water below him. “If I could free
my hands,” he thought, “I might throw off the noose and spring into
the stream. By diving I could evade the bullets and, swimming vigorously, reach
the bank, take to the woods and get away home. My home, thank God, is as yet
outside their lines; my wife and little ones are still beyond the
invader’s farthest advance.”



As these thoughts, which have here to be set down in words, were flashed into
the doomed man’s brain rather than evolved from it the captain nodded to
the sergeant. The sergeant stepped aside.","- A man stood on a railroad bridge in northern Alabama, looking down at the water below.
- His hands were bound behind his back with a cord.
- A rope encircled his neck, attached to a cross-timber above.
- Loose boards provided footing for him and his executioners: 
  - Two private soldiers of the Federal army
  - Directed by a sergeant, possibly a former deputy sheriff.
- An armed officer in uniform, a captain, was present on the platform.
- Sentinels at each end of the bridge held rifles in a formal position, blocking the ends of the foot planking.
- The condemned man appeared to be about thirty-five years old, dressed like a planter.
- He had good features: 
  - Straight nose
  - Firm mouth
  - Broad forehead with long, dark hair combed back
  - Moustache and pointed beard, no whiskers
  - Large, dark gray eyes with a kindly expression.
- He was not a vulgar assassin; the military code allows for hanging various types of individuals, including gentlemen.
- Preparations were complete; soldiers stepped aside and removed the planks they stood on.
- The sergeant saluted the captain and positioned himself behind him.
- The condemned man and the sergeant stood on opposite ends of a plank spanning three cross-ties.
- The plank was held in place by the sergeant's weight; at a signal, he would step aside, causing the plank to tilt.
- The man observed the swirling water below, noting a piece of driftwood moving slowly.
- He contemplated freeing his hands to escape into the stream and reach safety.
- His thoughts were interrupted as the captain nodded to the sergeant, who then stepped aside.","# The Condemned Man on the Bridge

A man faces execution on a railroad bridge in Alabama, bound and awaiting his fate.

## Setting the Scene
- **Location:** Railroad bridge in northern Alabama, twenty feet above swift water.
- **Executioners:** Two private soldiers of the Federal army, directed by a sergeant.
- **Officer Present:** A captain in uniform, armed, overseeing the execution.
- **Sentinels:** Two soldiers at each end of the bridge, rifles in a formal position.
- The soldiers blockaded the ends of the bridge, unaware of the events at the center.

*The atmosphere is tense as the execution is about to commence.*

---

## The Condemned Man
- **Age:** Approximately thirty-five years old.
- **Appearance:** Civilian attire resembling that of a planter; good features with a straight nose and firm mouth.
- **Facial Hair:** Moustache and pointed beard, no whiskers; long dark hair combed back.
- **Eyes:** Large, dark gray, with a surprisingly kind expression for a condemned man.
- **Background:** Not a common criminal; the military code allows for the execution of various individuals, including gentlemen.

*The man’s demeanor suggests he is not a typical criminal.*

---

## The Execution Process
- **Preparation:** Soldiers step aside, removing the plank supporting the condemned man.
- **Positioning:** The sergeant stands behind the captain, both moving apart to prepare for the execution.
- **Plank Mechanics:** The plank spans three cross-ties; the condemned man stands on the edge, almost reaching a fourth tie.
- **Signal:** At the captain's signal, the sergeant will step aside, causing the plank to tilt and the man to fall.

*The execution is set in motion, with the condemned man aware of his precarious situation.*

---

## The Man's Thoughts
- **Desire for Freedom:** He contemplates freeing his hands to escape the noose and dive into the water.
- **Escape Plan:** If he could swim to the bank, he could evade capture and return home.
- **Home:** His family is still safe beyond the enemy lines, motivating his thoughts of escape.

*His thoughts reveal a desperate hope for survival amidst impending death.*

---

## The Moment of Truth
- **Final Signal:** The captain nods to the sergeant, signaling the execution to begin.
- **Sergeant's Action:** The sergeant steps aside, initiating the fall.

*The moment of execution is imminent, with the condemned man facing his fate.*",v1 is better,
"ANT was first developed at the Centre de Sociologie de l'Innovation (CSI) of the École nationale supérieure des mines de Paris in the early 1980s by staff (Michel Callon, Madeleine Akrich, Bruno Latour) and visitors (including John Law).[3] The 1984 book co-authored by John Law and fellow-sociologist Peter Lodge (Science for Social Scientists; London: Macmillan Press Ltd.) is a good example of early explorations of how the growth and structure of knowledge could be analyzed and interpreted through the interactions of actors and networks.  Initially created in an attempt to understand processes of innovation and knowledge-creation in science and technology, the approach drew on existing work in STS, on studies of large technological systems, and on a range of French intellectual resources including the semiotics of Algirdas Julien Greimas, the writing of philosopher Michel Serres, and the Annales School of history.

ANT appears to reflect many of the preoccupations of French post-structuralism, and in particular a concern with non-foundational and multiple material-semiotic relations.[3] At the same time, it was much more firmly embedded in English-language academic traditions than most post-structuralist-influenced approaches. Its grounding in (predominantly English) science and technology studies was reflected in an intense commitment to the development of theory through qualitative empirical case-studies. Its links with largely US-originated work on large technical systems were reflected in its willingness to analyse large scale technological developments in an even-handed manner to include political, organizational, legal, technical and scientific factors.

Many of the characteristic ANT tools (including the notions of translation, generalized symmetry and the ""heterogeneous network""), together with a scientometric tool for mapping innovations in science and technology (""co-word analysis"") were initially developed during the 1980s, predominantly in and around the CSI. The ""state of the art"" of ANT in the late 1980s is well-described in Latour's 1987 text, Science in Action.[5]

As of 2008, ANT is a widespread, if controversial, range of material-semiotic approaches for the analysis of heterogeneous relations. In part because of its popularity, it is interpreted and used in a wide range of alternative and sometimes incompatible ways. There is no orthodoxy in current ANT, and different authors use the approach in substantially different ways. Some authors talk of ""after-ANT"" to refer to ""successor projects"" blending together different problem-focuses with those of ANT.[6]","- ANT was developed in the early 1980s at the Centre de Sociologie de l'Innovation (CSI) of the École nationale supérieure des mines de Paris.
- Key figures involved in its development include:
  - Michel Callon
  - Madeleine Akrich
  - Bruno Latour
  - Visitors such as John Law
- The 1984 book ""Science for Social Scientists"" co-authored by John Law and Peter Lodge exemplifies early explorations of knowledge growth and structure through actor and network interactions.
- Initially aimed to understand:
  - Processes of innovation
  - Knowledge creation in science and technology
- Influences on ANT include:
  - Existing work in Science and Technology Studies (STS)
  - Studies of large technological systems
  - French intellectual resources such as:
    - Semiotics of Algirdas Julien Greimas
    - Writings of philosopher Michel Serres
    - Annales School of history
- ANT reflects concerns of French post-structuralism, particularly:
  - Non-foundational and multiple material-semiotic relations
- It is more embedded in English-language academic traditions than most post-structuralist approaches.
- Grounded in science and technology studies, ANT emphasizes:
  - Development of theory through qualitative empirical case studies
  - Analysis of large-scale technological developments considering:
    - Political factors
    - Organizational factors
    - Legal factors
    - Technical factors
    - Scientific factors
- Characteristic ANT tools developed in the 1980s include:
  - Notions of translation
  - Generalized symmetry
  - ""Heterogeneous network""
  - Scientometric tool for mapping innovations (""co-word analysis"")
- The ""state of the art"" of ANT in the late 1980s is detailed in Latour's 1987 text, ""Science in Action.""
- As of 2008, ANT is a widespread but controversial range of material-semiotic approaches for analyzing heterogeneous relations.
- Its popularity has led to varied interpretations and uses, with no established orthodoxy.
- Some authors refer to ""after-ANT"" for successor projects that blend different problem focuses with those of ANT.","# Actor-Network Theory (ANT) Overview

Actor-Network Theory (ANT) was developed to analyze innovation and knowledge creation in science and technology.

## Development of ANT
- **Origin:** Developed at the Centre de Sociologie de l'Innovation (CSI) in the early 1980s.
- **Key Figures:** Michel Callon, Madeleine Akrich, Bruno Latour, and visitor John Law.
- **Influential Work:** The 1984 book ""Science for Social Scientists"" by John Law and Peter Lodge explored knowledge growth through actor interactions.
- **Intellectual Influences:** Draws on STS, large technological systems, semiotics of Algirdas Julien Greimas, Michel Serres, and the Annales School of history.

ANT reflects French post-structuralism while being rooted in English-language academic traditions.

## Theoretical Foundations
- **Focus:** Concerned with non-foundational and multiple material-semiotic relations.
- **Methodology:** Emphasizes qualitative empirical case studies for theory development.
- **Analysis Scope:** Willingness to analyze large-scale technological developments, including political, organizational, legal, technical, and scientific factors.

The approach is characterized by its commitment to empirical research and diverse analytical perspectives.

## Key Tools and Concepts
- **Characteristic Tools:** Includes notions of translation, generalized symmetry, and ""heterogeneous network.""
- **Scientometric Tool:** ""Co-word analysis"" for mapping innovations in science and technology.
- **Key Text:** Latour's 1987 work ""Science in Action"" describes the state of ANT in the late 1980s.

These tools have been foundational in the development and application of ANT.

## Current Status of ANT
- **Widespread Use:** As of 2008, ANT is popular but controversial, with varied interpretations.
- **Lack of Orthodoxy:** Different authors apply ANT in substantially different ways.
- **After-ANT Concept:** Refers to successor projects that blend ANT with other problem focuses.

The diversity in application reflects the evolving nature of ANT in contemporary research.

---

ANT provides a flexible framework for analyzing complex relations in science and technology, adapting to various interpretations and applications.",,
"Key shared (commonly reported across groups) barriers included (1) mistrust and consequent fear of participation, (2) stigma related to research participation, and (3) competing demands. The distinct (uncommonly reported across groups) barriers for these groups were sometimes variations on the shared barriers, but expressed with greater intensity or with reference to a specific context by the particular racial/ethnic group.

Mistrust was the most common barrier appearing in 73% of the studies across the qualitative and quantitative research articles we reviewed. The expressions of mistrust regarding health research varied across all 4 groups, partly on the basis of context and experiences. Some groups expressed their mistrust of researchers and fear of participation in research in terms of community and communal experiences. For example, both African Americans and Native Hawaiians consistently emphasized the importance of community and shared a mistrust of research related to the belief that research may not benefit their communities. Such mistrust seemed to be rooted in historical communal experiences including slavery and colonialism and their legacy of racism and discrimination and from specific experiences such as the Tuskegee Study for African Americans, a finding that is consistent with previous reviews on barriers to participation in clinical research.1,113 Although 1 article reported the potential for similar Latino mistrust associated with negative associations with research connected to oral contraceptives that had been conducted in the 1960s among Hispanics,114 we did not find any other references to mistrust connected to this experience among Latino research participants in contrast with African Americans, among whom there were repeated references to the infamous Tuskegee Study. It was interesting that belief in the AIDS Origin Conspiracy Theory may contribute to mistrust but was not found to decrease participa- tion in biomedical research.115
appropriate, and personalized recruitment and retention practices in the research process. Participants preferred having the recruitment processes based in community settings, with culturally matched research personnel running the studies and study materials in the appropriate languages. Furthermore, they preferred being recruited in a more personal way, “face-to-face” such as by their physicians or others they knew. In fact, there were several interrelated facilitators related to community and culture, which all underscored the interest expressed by multicultural populations to learn about research and their willingness to participate when research processes were contextualized in community priorities and using culturally con- gruent practices. For example, a theme that resonated very strongly in the reviewed literature was the role played by altruism— construed as helping family and community—in facilitating participation among these populations. As mentioned earlier, in the studies reviewed, African Americans and Pacific Islanders, and specifically Native Hawaiians, were each articulate about their mistrust of research related to the belief that such efforts would not benefit their communities; however, at the same time, participants from both communities expressed a committed desire to help their future generations or community through research.
Participants from all groups expressed a desire for community contextualization and cultural congruence, but there were some distinct variations voiced among the groups. For example, Pacific Islanders, specifically Native Hawaiians, additionally emphasized community mediation as a facilitator to research participation, where they desired trusted community liaisons to take a more active role and for both facilitators and barriers to research to be mediated at the community level as opposed to the individual level. Therefore, whereas African Americans wanted follow-up and study results reported to individual participants, Native Hawaiians wanted results reported to families and communities. Studies on Asian Americans from multiple subgroups reported that endorsement of research from a trusted and known individual, such as a family member, was a distinct facilitator for research participation for members of this group.
Adequate remuneration for research participation was another key shared facilitator that was raised in almost half the studies reviewed. Study participants wanted to not have any “out of pocket” expenses and wanted all the medical care associated with the research to not be an additional expense for them. In addition to monetary remuneration, some study participants, across racial/ethnic groups, expressed preference for payment in direct health care, such as health screenings and other clinical services, which maybe otherwise unavailable to them. This may be particularly true for the poor, the underserved, and recent immigrants who may not have access to regular sources of health care.","- Key shared barriers to research participation:
  - Mistrust and fear of participation
  - Stigma related to research participation
  - Competing demands

- Distinct barriers for specific racial/ethnic groups:
  - Variations on shared barriers, expressed with greater intensity or specific context

- Mistrust findings:
  - Most common barrier, reported in 73% of studies
  - Varied expressions of mistrust across 4 groups based on context and experiences
  - African Americans and Native Hawaiians emphasized community importance and mistrust due to historical experiences (e.g., slavery, colonialism, Tuskegee Study)
  - Latino mistrust linked to negative associations with past research (e.g., oral contraceptives) but less frequently reported

- Recruitment and retention preferences:
  - Community-based recruitment processes
  - Culturally matched research personnel
  - Study materials in appropriate languages
  - Personal recruitment methods (e.g., face-to-face by physicians)

- Facilitators for participation:
  - Altruism and desire to help family/community
  - Community contextualization and cultural congruence
  - Pacific Islanders (Native Hawaiians) emphasized community mediation and trusted liaisons
  - African Americans preferred individual follow-up and results reporting
  - Asian Americans valued endorsement from trusted individuals

- Remuneration preferences:
  - Adequate remuneration for participation (no ""out of pocket"" expenses)
  - Preference for payment in direct health care services (e.g., health screenings)
  - Particularly important for poor, underserved, and recent immigrants lacking regular health care access","# Barriers and Facilitators to Research Participation

Key barriers to research participation include mistrust, stigma, and competing demands, with variations across racial/ethnic groups.

## Shared Barriers to Participation
- **Mistrust:** Reported in 73% of studies; varies by group and context.
- **Stigma:** Related to research participation, affecting willingness to engage.
- **Competing Demands:** Other life priorities hinder participation.

Mistrust is a significant barrier influenced by historical experiences and community context.

---

## Distinct Barriers by Group
- **African Americans:** Mistrust rooted in historical experiences like slavery and the Tuskegee Study.
- **Native Hawaiians:** Emphasize community mistrust and fear of non-beneficial research.
- **Latinos:** Limited references to mistrust; one article noted negative associations with past research.
- **Asian Americans:** Trust in known individuals facilitates participation.

Distinct barriers reflect the unique historical and cultural contexts of each group.

---

## Facilitators for Participation
- **Community-Based Recruitment:** Preference for culturally matched personnel and community settings.
- **Personalized Approaches:** Face-to-face recruitment preferred, often through trusted individuals.
- **Altruism:** Desire to help family and community encourages participation.

Facilitators highlight the importance of community engagement and cultural relevance in research.

---

## Community Contextualization and Cultural Congruence
- **Pacific Islanders:** Emphasize community mediation and trusted liaisons for research participation.
- **African Americans:** Desire for individual follow-up and reporting of study results.
- **Native Hawaiians:** Prefer results reported to families and communities.
- **Asian Americans:** Trust in endorsements from family members as a facilitator.

Cultural congruence and community involvement are crucial for enhancing participation.

---

## Remuneration for Participation
- **Adequate Compensation:** Nearly half of studies highlighted the need for no out-of-pocket expenses.
- **Health Care Services:** Preference for payment in health screenings and clinical services.
- **Access for Underserved Groups:** Important for poor, underserved, and recent immigrants.

Remuneration is a key factor in encouraging participation, especially for vulnerable populations.",,
"The error terrain analysis for machine learning tool (often called simply the Error Analysis tool) is similar to InterpretML in that it works to debug machine learning models. However, its specific role is to help debug exactly those classifications within a model that might be subject to errors.23 The tool enables data scientists to identify cohorts of data with high error rates versus the benchmark rate and to visualize how the error rate distributes. Via integration with interpretability techniques and visualizations, users can further diagnose the root causes of the errors by gaining deep insights into the data or model.
The Error Analysis tool solves a core technical challenge in machine learning, which is to determine exactly where a model misclassification occurs. For example, in a dataset of faces for a facial recognition model, the tool might discover that skin tone correlates with misclassification of sex, or that beards or hair colour are a cause of various other misclassifications. By pinpointing exactly where these misclassifications occur, developers can determine how to fix the model to improve its accuracy.
The Error Analysis tool enables machine learning practitioners to efficiently analyse and debug machine learning models’ errors to accelerate improvements in model accuracy and reliability. They can discover new insights about relationships between data features and model performance, dive deeper beyond overall performance metrics by performing a disaggregated evaluation, and discover how errors are distributed in various cohorts. They can further leverage this knowledge to deploy mitigation techniques and improve the model or the data.
As with InterpretML, the Error Analysis tool could be construed as simply a technical fix in order to gain accuracy in machine learning development. But in certain cases, such as facial recognition, failures in classification are ethically significant. For example, inaccuracies with respect to race and sex can both reflect deep fairness issues in society and perpetuate injustice at a systemic level, not to mention their being offensive. And other sorts of inaccuracies in processing visual data – for example with autonomous vehicles – could cause safety concerns.
Once again, technical sophistication and ethics go hand in hand. Ethical mistakes caused by technical errors can be prevented by eliminating these errors from products. As one Microsoft interviewee stated, “We don’t use our customers as testers!” Instead, the company strives to test and adjust a product thoroughly before it ever gets to the customer (though, of course, it does receive customer feedback on improvements that remain to be made, in the form of comments, press, error reports, etc.).

Periodic goal setting and performance evaluations are essential exercises to build alignment and measure progress at any organization. Microsoft has extended these organizational techniques to include considerations of ethics and responsible behaviours.","- The Error Analysis tool for machine learning:
  - Similar to InterpretML, it helps debug machine learning models.
  - Focuses on identifying classifications within a model that may have errors.
  - Enables data scientists to:
    - Identify cohorts with high error rates compared to benchmarks.
    - Visualize error rate distributions.
  - Integrates interpretability techniques and visualizations for deeper insights.
  
- Core technical challenge addressed:
  - Determines where model misclassifications occur.
  - Example: In facial recognition, it may find:
    - Skin tone correlates with misclassification of sex.
    - Beards or hair color cause various misclassifications.
  - Pinpointing misclassifications helps developers improve model accuracy.

- Benefits for machine learning practitioners:
  - Efficiently analyze and debug model errors.
  - Accelerate improvements in model accuracy and reliability.
  - Discover insights about relationships between data features and model performance.
  - Perform disaggregated evaluations beyond overall performance metrics.
  - Understand error distribution across various cohorts.
  - Leverage knowledge to deploy mitigation techniques.

- Ethical considerations:
  - Misclassifications in sensitive areas (e.g., facial recognition) can reflect fairness issues.
  - Inaccuracies can perpetuate systemic injustice and pose safety concerns (e.g., autonomous vehicles).
  - Technical sophistication and ethics are interconnected.
  - Eliminating technical errors can prevent ethical mistakes.

- Microsoft’s approach:
  - Emphasizes thorough testing and adjustments before customer release.
  - Values customer feedback for ongoing improvements.
  - Incorporates ethics and responsible behaviors into organizational techniques.","# Error Terrain Analysis for Machine Learning

The Error Analysis tool helps debug machine learning models by identifying misclassifications.

## Overview of the Error Analysis Tool
- **Purpose:** Debug classifications within machine learning models.
- **Functionality:** Identifies cohorts with high error rates versus benchmark rates.
- **Integration:** Works with interpretability techniques and visualizations for deeper insights.
- The tool addresses a core challenge in machine learning: pinpointing misclassifications.

---

## Use Cases and Insights
- **Example:** In facial recognition, skin tone may correlate with misclassification of sex.
- **Impact:** Identifying misclassifications helps improve model accuracy.
- **Benefits:** Enables efficient analysis of errors, leading to better model reliability.
- Practitioners can discover relationships between data features and model performance.

---

## Ethical Considerations
- **Significance:** Misclassifications in sensitive areas like race and sex raise ethical concerns.
- **Consequences:** Inaccuracies can perpetuate societal injustices and safety issues (e.g., autonomous vehicles).
- **Quote:** “We don’t use our customers as testers!” - Microsoft interviewee.
- Emphasizes the need for thorough testing before product release.

---

## Organizational Practices
- **Goal Setting:** Periodic evaluations build alignment and measure progress.
- **Ethics Integration:** Microsoft incorporates ethical considerations into organizational techniques.
- Ethical practices are essential for responsible behavior in technology development.

---

The Error Analysis tool is crucial for improving machine learning accuracy while addressing ethical implications.",,
"Considering  NAT  as  a  complex  intervention (including  several  interconnecting  components) would be in accordance with the view of the Medical  Research  Council’s  (MRC)  guidelines [72]. Thus, the certain difficulties associated with this kind of therapy, like documenting and reproducing the intervention, must be recognised. Aspects of this have been thoroughly examined and analysed by MRC (‘‘Developing and evaluating complex interventions:   new   guidance’’,   downloaded 2009–03–24 from www.mrc.ac.uk/complexinterventionsguidance). Several dimensions of complexity have been documented, e.g. number of and interactions between components, number and variability of outcomes, and degree of flexibility or tailoring of the intervention permitted. MRC’s recommendations for development and evaluation of complex interventions are:
to mental illnesses like burnout syndrome, sleep disturbance, and depression, the traditional health care has to some extent become insufficient, and prospects of the future [75,76] give us reason to believe that these problems will continue escalating. In this perspective any new approach to treatment and healing processes must be considered carefully and evaluated scientifically. The concept of health has more and more become an issue of adapting, the individual’s capacity to adjust oneself to his/her environment [75].
Experimental  evidence  from  environmental psychology has given support to the theoretical framework for therapeutic horticulture [3,77 – 80]. Recent epidemiological research has reported significant health impact by exposure to natural environments [9,10]. By shedding light on these issues, and by implementing more rigorous or adequate research methods with proper quality assessment of the subject of NAT, the use of nature in therapy and rehabilitation might prove to be an efficient alternative in health care for varied states of ill health (mainly psychiatric diagnoses). Regarding the effect sizes derived from the meta-analyses of wilderness therapy  programmes,  one  must  consider  the character of measured outcomes, often difficult states to change (like dysfunctional behaviour or social functioning), and as such even a smaller effect size may be rather impressive. What is also interesting is the reported follow-up effect [23], since many of the conditions treated in a wilderness programme have a high rate of recidivism [71], and many of the outcomes registered, like self-esteem and locus of control, contribute to lower rates of recidivism.
No clear or definite information regarding costs and safety of the treatments was provided. Hence it is difficult to make any clear statement concerning trade off between benefits and costs. One may argue that considering the substantial amount of suffering mental health problems contribute to, and the high amount of sick leaves due to these conditions, any treatment aiming at those illnesses would be worth to evaluate thoroughly. However, since NAT is not only applied for psychiatric diagnoses, trade off assessments of NAT for any kind of outcome need to be carefully valued.
Our findings showed rather high consistency of results across studies as well as a support to the assumption that NAT is an efficient intervention in certain cases of ill health. Nonetheless, we are still not satisfied in aspects of evidence, quality, or causality, what specific natural elements are most beneficial, and to what population with what diagnoses.

Since no systematic review has previously been performed on the subject, or any clear statement of existing knowledge, it has been difficult to predict to researchers what method would be most useful, and what precise outcomes to evaluate. Future evaluation and research of NAT should take advantage of the framework provided by MRC for complex interventions. This would assure some conformity among studies and provide a more solid fundament onto which further implications, recommendations, and policies could be based.
Forthcoming reviews might aim at specifying the research questions of any nature-assisted therapy, in relation to what health condition is studied, in what population, what intervention and finally what outcomes. We do not claim to have produced a, traditionally speaking, strong review due to reasons of heterogeneity, but partly with the guidance of MRC in mind, we have tried to imply a slightly different approach to the subject. What this review might contribute to is, by making a very broad summary including many aspects of the above mentioned components, a better understanding of where to focus and what to explore more precisely in future investigations, evaluations, and research.","- NAT is considered a complex intervention with several interconnecting components, aligning with MRC guidelines.
- Difficulties in documenting and reproducing the intervention must be acknowledged.
- MRC has thoroughly examined aspects of complexity, including:
  - Number of components and their interactions
  - Variability of outcomes
  - Flexibility or tailoring of the intervention
- Traditional healthcare has become insufficient for mental illnesses like:
  - Burnout syndrome
  - Sleep disturbance
  - Depression
- Future prospects suggest these issues may escalate, necessitating careful evaluation of new treatment approaches.
- The concept of health increasingly focuses on an individual's capacity to adapt to their environment.
- Experimental evidence from environmental psychology supports the theoretical framework for therapeutic horticulture.
- Recent epidemiological research indicates significant health impacts from exposure to natural environments.
- Rigorous research methods and quality assessments are needed to evaluate the use of nature in therapy and rehabilitation.
- Nature-assisted therapy (NAT) may be an effective alternative for various psychiatric diagnoses.
- Effect sizes from wilderness therapy programs should consider:
  - The nature of measured outcomes
  - The difficulty of changing certain states (e.g., dysfunctional behavior)
  - Smaller effect sizes can still be significant
- Follow-up effects are noteworthy, especially for conditions with high recidivism rates.
- No clear information on costs and safety of treatments complicates benefit-cost assessments.
- The substantial suffering caused by mental health issues warrants thorough evaluation of treatments.
- NAT is not limited to psychiatric diagnoses; trade-off assessments for various outcomes need careful consideration.
- Findings indicate high consistency across studies, supporting NAT as an efficient intervention for certain health issues.
- Concerns remain regarding evidence quality, causality, and the specific natural elements that are most beneficial.
- No systematic review has been conducted on NAT, making it challenging to guide researchers on useful methods and outcomes.
- Future evaluations should utilize the MRC framework for complex interventions to ensure study conformity and solid foundations for implications and policies.
- Upcoming reviews should specify research questions related to:
  - Health conditions studied
  - Target populations
  - Interventions used
  - Outcomes measured
- This review aims to provide a broad summary to enhance understanding of focus areas for future investigations and evaluations.","# Nature-Assisted Therapy: A Complex Intervention

Nature-Assisted Therapy (NAT) is a complex intervention with potential benefits for mental health.

## MRC Guidelines on Complex Interventions
- **Complexity Recognition:** NAT includes interconnecting components, as per MRC guidelines.
- **Documentation Challenges:** Difficulties in documenting and reproducing the intervention must be acknowledged.
- **Dimensions of Complexity:** Factors include:
  - Number and interactions of components
  - Variability of outcomes
  - Flexibility in tailoring interventions
- **MRC Recommendations:** Focus on development and evaluation of complex interventions.

*Understanding complexity is crucial for effective intervention development.*

---

## Mental Health Context
- **Insufficient Traditional Care:** Traditional healthcare struggles with mental illnesses like burnout, sleep disturbances, and depression.
- **Future Prospects:** Escalating mental health issues necessitate new treatment approaches.
- **Health Concept Evolution:** Health increasingly involves adapting to one's environment.

*New approaches to treatment are essential in addressing mental health challenges.*

---

## Evidence Supporting NAT
- **Environmental Psychology:** Experimental evidence supports therapeutic horticulture.
- **Epidemiological Research:** Significant health impacts reported from exposure to natural environments.
- **Research Methodology:** Rigorous methods and quality assessments are needed for NAT studies.
- **Effect Sizes in Wilderness Therapy:** Smaller effect sizes can still indicate impressive outcomes, especially in difficult-to-change states.
- **Follow-Up Effects:** Positive outcomes like self-esteem contribute to lower recidivism rates.

*Evidence suggests NAT may be an effective alternative in mental health care.*

---

## Cost and Safety Considerations
- **Lack of Information:** No clear data on costs and safety of NAT treatments.
- **Trade-Off Challenges:** Difficult to assess benefits versus costs without clear information.
- **Mental Health Impact:** High suffering and sick leave rates justify thorough evaluation of treatments.

*Evaluating NAT's cost-effectiveness is essential for its broader application.*

---

## Findings and Future Research Directions
- **Consistency Across Studies:** High consistency in results supports NAT's efficacy for certain health issues.
- **Evidence Gaps:** Need for clarity on beneficial natural elements and target populations.
- **Lack of Systematic Review:** No prior systematic review complicates research predictions and outcome evaluations.
- **MRC Framework Utilization:** Future research should align with MRC guidelines for complex interventions.
- **Research Questions Specification:** Future reviews should clarify health conditions, populations, interventions, and outcomes.

*Future research should focus on structured evaluations to enhance understanding of NAT.*",,
"C-suite is continuously close to the business. This is why some executives can develop tunnel vision when it comes to leadership communication. PR professionals know the most valuable stories to share with the press, and what not to share.

They also know the best way to tell a story for better exposure. They can offer an objective view of the company and create strategies to maximise impact across a variety of communication channels.
While many organisations have their own marketing teams, they’re often restricted in terms of manpower. A PR and communications team can act as an extension of the internal team. They can free up resources so that they can refocus elsewhere. They can immerse themselves in your business and offer a collaborative approach, bringing continuous added value to the organisation.

Joining forces in this way can bring value that’s very distinct from the internal communications unit. They can add visibility and credibility while creating consistent messaging for your brand. Partnering up with a professional PR team can amplify your ability to engage with your target audience.
For example, perhaps your marketing team is currently working on a campaign for the launch of a new product. However, one of the old products has been discovered to be faulty. You need to issue an urgent recall, issue a statement to the press and answer customer queries.

However, you don’t have the manpower to do so, without jeopardising the new product launch. This is when you call a PR team with experience in crisis communications to put together an effective strategy. Your internal team can concentrate on the new launch, and PR can focus on avoiding fallout.","- C-suite executives often develop tunnel vision in leadership communication.
- PR professionals identify valuable stories to share with the press and those to avoid.
- They know the best storytelling methods for enhanced exposure.
- PR teams provide an objective view of the company.
- They create strategies to maximize impact across various communication channels.
- Internal marketing teams may face manpower restrictions.
- A PR and communications team can serve as an extension of the internal team.
- They help free up resources for refocusing on other areas.
- PR teams immerse themselves in the business for a collaborative approach.
- This partnership adds distinct value beyond internal communications.
- PR can enhance visibility and credibility while ensuring consistent messaging.
- Collaborating with a professional PR team amplifies engagement with the target audience.
- Example scenario: Marketing team launches a new product while managing a faulty product recall.
- Urgent recall requires issuing a statement and addressing customer queries.
- Lack of manpower risks jeopardizing the new product launch.
- Engaging a PR team with crisis communication experience can develop an effective strategy.
- Internal team can focus on the new launch while PR manages fallout.","# The Importance of PR in Leadership Communication

C-suite executives may develop tunnel vision in leadership communication, making PR professionals essential.

## Role of PR Professionals
- **Expertise in Storytelling:** PR professionals know valuable stories to share and how to tell them effectively.
- **Objective Perspective:** They provide an unbiased view of the company.
- **Strategic Impact:** Create strategies to maximize exposure across various communication channels.

*PR professionals enhance communication strategies and storytelling for better engagement.*

---

## Collaboration with Internal Teams
- **Extension of Marketing Teams:** PR teams can supplement internal marketing efforts, especially when resources are limited.
- **Resource Optimization:** They free up internal resources, allowing teams to refocus on core tasks.
- **Collaborative Approach:** PR teams immerse themselves in the business, adding continuous value.

*Collaboration with PR teams enhances internal capabilities and resource management.*

---

## Value Addition through PR Partnerships
- **Distinct Value:** PR teams provide visibility and credibility beyond internal communications.
- **Consistent Messaging:** They help create uniform messaging for the brand.
- **Audience Engagement:** Partnering with PR amplifies engagement with target audiences.

*PR partnerships enhance brand visibility and audience connection.*

---

## Crisis Communication Example
**What happens when a product recall coincides with a new product launch?**
- **Crisis Management:** PR teams can handle urgent recalls and press statements.
- **Focus on Launch:** Internal teams can concentrate on new product launches without distraction.
- **Experience in Crisis:** PR teams bring expertise in managing communications during crises.

*Effective crisis communication allows for simultaneous management of launches and recalls.*",,
"Bilingual language control declines with age82–86 and so does nonverbal executive control, in monolingual and bilingual individuals87,88. The domain-generality hypothesis would predict declining executive functions to comparably influence performance in bilingual language control and nonverbal cognitive control tasks. On the assumption that older adults are highly skilled in bilingual language control thanks to their lifelong practice, the skill-learning hypothesis would predict ageing to affect bilingual language control less than nonverbal cognitive control. Implicit in the latter prediction is the assumption that the representation system29, which subserves the implementation of skills in the skill-learning account, is better sheltered from age-related decline compared to controlled (effortful) cognitive functions, such as general executive functions.
A study with young and older high-proficiency bilingual adults reported a differential effect of age on their performance on a language-switching task and a nonverbal switching task86. Both tasks showed an age-related slowing and increase in errors, but the performance drop was greater in the nonverbal task than in the linguistic task, supporting the hypothesis that the two domains rely on distinct processes. Nevertheless, there were similar ageing effects on switching costs across tasks, which is at odds with the skill-learning hypothesis. However, five older bilingual participants who were unable to complete the nonverbal task were all able to complete the linguistic task, which is consistent with the skill-learning account. Moreover, age effects on mixing costs in errors emerged in both tasks. These costs were larger in the nonverbal task than in the linguistic task for the older participants, in line with the skill-learning account.
Another  study  in  which  language-switching  and  nonverbal switching tasks were administered to three age groups of high-proficiency bilingual adults (young, middle-aged and older adults) reported an age effect on the nonverbal switching cost but not on the language-switching cost89. This pattern suggests that the bilingual language control system is better sheltered from age-related decline than executive functions. Further evidence that language control remains relatively preserved in older bilingual individuals is provided in a study on reading aloud mixed-language connected speech, which consisted of paragraphs with mostly grammatical language switches (‘grammatical paragraphs’) and paragraphs with mostly ungrammatical language switches (‘ungrammatical paragraphs’)90. There were robust grammaticality effects as younger and older bilingual participants produced language switches faster and more accurately in ‘grammatical paragraphs’ than in ‘ungrammatical paragraphs’. Importantly, although younger bilingual participants outperformed older bilingual participants on tasks tapping general executive functions, there was no interaction between age group and grammaticality effect, suggesting that bilingual language control is partly distinct from domain-general cognitive control. However, the older bilingual adults produced more intrusion errors and showed a lower rate of self-correction of intrusion errors than the younger bilingual adults, providing evidence for an age-related decline in monitoring upcoming speech after it is planned.
Potential evidence that general executive functions might be involved  in  language  control  comes  from  a  study  in  which  high-proficiency younger and medium-proficiency older Spanish–English bilingual individuals completed a nonverbal flanker task and verbal fluency tasks in both languages separately91. Although the number of language intrusion errors in the fluency tasks was very small, it correlated significantly with the number of flanker task errors in the older adults but not in the younger adults. This finding might be consistent with the domain-generality account but could also be consistent with the skill-learning account because the older group consisted of less proficient bilingual individuals who might have been less routinized in their language control.
Lastly, evidence for differential effects of ageing on bilingual language control and nonverbal control comes from a study of young and older high-proficiency bilingual adults tested with a flanker task (requiring nonverbal inhibition) and two verbal fluency tasks requiring language inhibition92. This study demonstrated well preserved performance of older participants in language inhibition, as tested with one of the fluency tasks, but declined performance in nonverbal inhibition, which is consistent with the skill-learning account.
In sum, several studies on healthy ageing report larger effects of ageing on nonverbal cognitive control tasks than on bilingual language-control tasks. This pattern is consistent with the skill-learning hypothesis: high-proficiency bilingual older adults have become experts in bilingual language control because of their lifelong practice, which results in the protection of their routinized language-control skills from age-related decline. However, two studies on healthy ageing showed some evidence that general executive functions such as monitoring and inhibition are involved in bilingual language control90,91, but only the finding regarding monitoring was inconsistent with skill learning.","- Bilingual language control and nonverbal executive control decline with age.
- Domain-generality hypothesis predicts similar declines in both bilingual language control and nonverbal cognitive control.
- Skill-learning hypothesis suggests older adults, skilled in bilingual language control, will experience less decline in this area compared to nonverbal cognitive control.
- Representation system for skills is believed to be less affected by age-related decline than controlled cognitive functions.
- A study with young and older high-proficiency bilingual adults showed:
  - Age-related slowing and increased errors in both language-switching and nonverbal switching tasks.
  - Greater performance drop in nonverbal tasks than linguistic tasks, indicating distinct processes.
  - Similar age effects on switching costs across tasks, conflicting with the skill-learning hypothesis.
  - Older bilingual participants could complete linguistic tasks despite difficulties with nonverbal tasks, supporting the skill-learning account.
  - Age effects on mixing costs were larger in nonverbal tasks than linguistic tasks for older participants.
- Another study with three age groups of high-proficiency bilingual adults found:
  - Age effect on nonverbal switching cost but not on language-switching cost.
  - Suggests bilingual language control is more resilient to age-related decline than executive functions.
- Evidence from a reading aloud study showed:
  - Older bilinguals produced language switches faster and more accurately in grammatical paragraphs than ungrammatical ones.
  - Younger bilinguals outperformed older bilinguals in general executive functions, but no interaction between age group and grammaticality effect was found.
  - Older bilinguals had more intrusion errors and lower self-correction rates, indicating age-related decline in monitoring speech.
- A study involving younger and medium-proficiency older Spanish–English bilinguals found:
  - Correlation between language intrusion errors in fluency tasks and flanker task errors in older adults, suggesting involvement of general executive functions.
- A study with young and older high-proficiency bilinguals tested with a flanker task and verbal fluency tasks showed:
  - Older participants performed well in language inhibition but declined in nonverbal inhibition, consistent with the skill-learning account.
- Overall, studies indicate:
  - Larger effects of aging on nonverbal cognitive control tasks than on bilingual language-control tasks.
  - Supports the skill-learning hypothesis that lifelong practice protects bilingual language control skills from age-related decline.
  - Some evidence suggests general executive functions like monitoring and inhibition may be involved in bilingual language control, with inconsistent findings regarding monitoring.","# Age Effects on Bilingual Language Control

Bilingual language control is less affected by aging compared to nonverbal cognitive control.

## Decline in Language and Executive Control
- **Age Impact:** Bilingual language control and nonverbal executive control decline with age.
- **Domain-Generality Hypothesis:** Predicts similar declines in both bilingual and nonverbal tasks.
- **Skill-Learning Hypothesis:** Suggests aging affects bilingual control less due to lifelong practice.

*Older adults maintain bilingual skills better than nonverbal skills.*

---

## Study Findings on Bilingual Performance
- **Age-Related Effects:** A study showed greater performance decline in nonverbal tasks than in language-switching tasks.
- **Switching Costs:** Similar age effects on switching costs across tasks contradict the skill-learning hypothesis.
- **Task Completion:** Older bilinguals could complete linguistic tasks even when failing nonverbal tasks, supporting skill-learning.

*Bilingual language control shows resilience in older adults.*

---

## Comparative Studies on Age Groups
- **Age Group Analysis:** A study with young, middle-aged, and older bilinguals found age effects on nonverbal but not language-switching costs.
- **Grammaticality Effects:** Older bilinguals performed similarly to younger ones in grammatical tasks, indicating preserved language control.
- **Error Rates:** Older adults had more intrusion errors and lower self-correction rates than younger adults.

*Bilingual language control remains relatively intact in older adults.*

---

## Correlation with General Executive Functions
- **Intrusion Errors:** A study found a correlation between language intrusion errors and flanker task errors in older adults.
- **Proficiency Impact:** Older participants were less proficient, suggesting less routinized language control.
- **Inhibition Performance:** Older adults showed preserved performance in language inhibition tasks but declined in nonverbal inhibition.

*General executive functions may play a role in bilingual language control.*

---

## Summary of Findings
- **Overall Conclusion:** Aging affects nonverbal cognitive control more than bilingual language control.
- **Skill-Learning Hypothesis Support:** Lifelong practice protects bilingual skills from decline.
- **Inconsistencies:** Some evidence suggests general executive functions are involved in bilingual control.

*Bilingual language control is largely preserved in older adults, despite some age-related challenges.*",,
"I mentioned at the outset that financial and political capital is going to get burned bringing an MLB club to your market. It’s not fair. It’s not right. But, if you want a club bad enough, prepare to fork out a whole lot more money than the owners will be putting in. When the rubber hits to road, markets need to think about not only money to build the ballpark, which can total well in excess of $1 billion, but can potentially see added costs such as the infrastructure around the ballpark. If markets are smart, they also get it in writing that any cost overruns come at the expense of the club, not the city. Getting all this money can come in a variety of ways, including increased sales taxes, hotel and car rental taxes, in-stadium taxes (harder to do as it takes money away from owners), and if you have state income taxes, you can do like Portland did and use player income taxes (both the home and away players) to cover part of the construction costs. Smart local, state, and regional governments figure out ways to find a guarantor should tax rates fall below bond payment thresholds.
As we’ve seen in Las Vegas, if you build a sports facility (in this case, T-Mobile Arena), and get fans to make deposits on season tickets that are binding (locking in investment), you can get a pro expansion club. In this case, from the NHL. If you want to create options to allow a expansion to happen before the state-of-the-art ballpark is built, you can tout any interim ballpark to hold a team for a season or two. For relocation, this worked well for the Expos to DC in the form of RFK Stadium.
Finally, you can risk it all by building a ballpark without binding commitment from Major League Baseball. This is highly risky and does not guarantee that a club will appear shortly after. As some history, the then Suncoast Dome in St. Petersburg was unveiled in March of 1990 at a cost of $138 million ($252.43 million when accounting for inflation in today’s dollars) yet did not see the expansion Devil Rays arrive until awarded in 1995 and would not begin play until 1998, eight years after its completion.
So, there you have it. There’s the challenges. Get your mayor, governor, and fans going. Fend off anti-tax groups. Figure out how to placate other MLB clubs that currently claim your market. Figure out how to compete with the other sports in your markets. Track down corporate sponsors. And above all, find mountains of cash somewhere in-between the couch cushions. That’s all it’s going to take. There’s the secrets to making it happen.","- Financial and political capital will be required to bring an MLB club to your market.
- Expect to invest significantly more money than the owners.
- Consider costs beyond just building the ballpark, which can exceed $1 billion.
- Additional costs may include infrastructure around the ballpark.
- Ensure that any cost overruns are the responsibility of the club, not the city.
- Funding can come from various sources:
  - Increased sales taxes
  - Hotel and car rental taxes
  - In-stadium taxes (more challenging as it reduces owner revenue)
  - State income taxes, similar to Portland's use of player income taxes for construction costs.
- Local, state, and regional governments should find a guarantor if tax rates fall below bond payment thresholds.
- Example from Las Vegas: 
  - Building a sports facility (T-Mobile Arena) and securing season ticket deposits can lead to acquiring a pro expansion club (NHL).
- Options for expansion before a new ballpark is built:
  - Use an interim ballpark for a season or two.
  - Successful relocation example: Expos to DC at RFK Stadium.
- High-risk option: Build a ballpark without a binding commitment from MLB.
- Historical example: Suncoast Dome in St. Petersburg cost $138 million but did not host the Devil Rays until 1998, eight years later.
- Key challenges to address:
  - Mobilize support from the mayor, governor, and fans.
  - Counter anti-tax groups.
  - Negotiate with other MLB clubs claiming your market.
  - Compete with other sports in the area.
  - Secure corporate sponsorships.
  - Find substantial funding sources.","# Bringing an MLB Club to Your Market

Securing an MLB team requires significant financial and political investment.

## Financial Considerations
- **Initial Investment:** Expect to spend over $1 billion on the ballpark.
- **Additional Costs:** Consider infrastructure expenses surrounding the ballpark.
- **Cost Overruns:** Ensure agreements state that overruns are the club's responsibility, not the city's.
- **Funding Sources:** 
  - Increased sales taxes
  - Hotel and car rental taxes
  - In-stadium taxes (challenging due to owner revenue impact)
  - Player income taxes, as used by Portland
- **Guarantor Strategy:** Local governments should find guarantors if tax rates fall below bond payment thresholds.

Smart financial planning is crucial for securing an MLB team.

---

## Building Support
- **Fan Engagement:** Secure binding deposits on season tickets to demonstrate commitment.
- **Interim Solutions:** Consider using an interim ballpark to host a team before the new facility is completed.
- **Historical Example:** The Expos relocated to RFK Stadium, showcasing the effectiveness of interim venues.

Building community support and fan investment is essential for success.

---

## Risks and Challenges
- **High-Risk Strategy:** Constructing a ballpark without MLB commitment is risky and may not yield immediate results.
- **Historical Context:** The Suncoast Dome cost $138 million but did not host the Devil Rays until 1998, eight years later.

Understanding the risks involved is vital for potential investors.

---

## Action Steps
- **Mobilize Leadership:** Engage your mayor, governor, and fans in the effort.
- **Counter Opposition:** Address concerns from anti-tax groups.
- **Market Competition:** Navigate relationships with existing MLB clubs and other sports teams.
- **Corporate Sponsorships:** Secure corporate sponsors to support funding.
- **Financial Resources:** Identify substantial funding sources.

A comprehensive strategy is necessary to successfully bring an MLB team to your market.",,
"The  unobtrusive  measures  of  participant  observation  and  physical traces,  combined  with  a  limited  use  of  open-ended   interviews for purposes  of  correction  and  validation,  enabled  me  to  describe  the previously  unexplored  area  of  tearoom  encounters.   The   prelim­ inary  description  of  the  participant  population,  however,   began only  after  the  establishment  of  a  verified  sample.  For  this  stage of the study, I turned to archival measures, ""the running record.""27
Identification  of  the  sample  was  made  by  using  the  automobile license  registers  of  the  states  in  which  my  respondents   lived.  For­ tunately,  friendly  policemen  gave  me  access to  the  license  registers, without   asking  to   see   the   numbers   or  becoming  too   inquisitive about  the type of ""market  research""  in which  I  was  engaged.  These registers  provided the  names  and  addresses  of  those  in the  sample, as  well  as  the  brand  name  and  year  of  the  automobiles  thus  regis­ tered.  The   make   of  the   car,   as   recorded   in  the   registers,   was checked  against  my  transcribed  description of  each  car.  In the  two cases  where  these  descriptions  were  contradictory,  the   numbers were  rejected  from   the  sample.  Names   and  addresses  were  then checked  in  the  directories  of  the  metropolitan  area,  from   which volumes  I  also  acquired  marital  and  occupational  data  for  most of the  sample.
Geographic  mobility  and  data  gaps  plague  the  researcher  who attempts  to  use  the  city directory as  a  source  of information. Fortu­ nately,  however,  new  directories  had  been  issued  just  prior  to  my need  for  them.  Somewhat  to  my  surprise,  I  had  another   advantage due  to  residential  stability  on  the  part   of  the  population  under study.  Only  17  per  cent  of the  men in the  sample  were  not  listed in these directories. Occupational  data  were  not  given for  37  per  cent of  the men  (including those not in the directories).

In   those  few  cases  where  addresses  in  license  registers  did  not correspond   with  those  in  the  city  and  county  directories,  I  took advantage   of   still   another   archival  source:   the   telephone   com­ pany's  index  of  numbers  by  street  addresses,  which  had  been  pub­ lished  more  recently  than  either  of  the  other  archival  sources.  By the  time  my  sample  had  been  verified  and  identified,  none  of  the archival  measures  employed  was  over  a  year  old,  and  the  most recent  had  been  published  only  the  week  before  completion of this stage of the  research.28
For    fear  of eliminating  variables  that  might  profitably  be  studied at  a later  date,  I did not  scrub  from  my  sample  those  for  whom  the archives  provided  no  marital  or  occupational  data.  These  men,  I felt,  might  represent  either  a  transient  or  secretive  portion  of  tea­ room  participants, the  exclusion of which  would  have  distorted  the population.
Other  biases  were  not  avoidable;  however,  where  possible,   I have  attempted to compensate  for them. In the  first  place,  I  did not record  the  license  numbers  of  automobiles  from  states  not  repre­ sented  in  the  metropolitan area.  My  estimate  is  that  about  5  per cent  of the  cars driven  by participants in these homosexual  encoun­ ters  bore  such  out-of-state  plates.  The  majority  of  these  autos  also had   stickers  that  identified  the  owners  as  armed  forces  personnel from  nearby  military  installations. This  fact  is  important for  indi­ cating  (a)  that  a very small percentage  of the participants  are  tour­ ists  or  salesmen  who travel  from  a  great  distance,  and  (b)  that  the military  should have  a  larger  representation  in my  sample  than  the 2  per  cent  indicated by  the  available  occupational data.  If the  ar­ chives  and  local  license  plates  are  biased  against  any  one  segment of  the  population, it  is  members  of  the  armed  forces.  When com­ pensation  for  this  bias  has  been  made,  the  indications  (including those  gained  from  interviews)  are  that  some   10  per  cent  of  tea­ room  participants will  be  armed  forces  personnel. This factor, how­ ever,  should  vary  with  the  proximity  of parks  to  large  military in­ stallations.  There  are  no  such  bases within  a  twenty-mile  radius of the parks in this study.
Other  license  numbers  were  excluded  from  the  sample  because they  precluded  research.  Because these  may  have  produced  a  bias, they   will  be  mentioned.  First,  eighteen  were  eliminated  because they  were  not  listed  in  the  license  registers.  (The  police attribute such  gaps in their data  to clerical error.)  Seven men resided  outside the metropolitan area under  study. Another  five were driving  leased or  company  cars.  For  two, the  automobile description in the  regis­ ters  did not  fit  my  description. Finally,  the  license  registers  listed two   nonexistent  addresses.  Other  adjustments  were  made  before  I reached  the  final  sample  of  100. Two men  were  dropped  from  the sample  for  identity  reasons.  To  replace  them,  I  added  two young men   who  had  walked  to  the  tearooms   and  were  included in  my intensive  dozen.  I  had  estimated  that  a  small  percentage   of  the participants  walked  to  their  favorite  tearooms  and  thought  it im­ portant to have representation from  the pedestrian  population.
If   one  may  disregard  for  a  moment  the  strong  possibility  that most  of these exclusions  may  have  resulted  from  errors  on the  part of   clerks,  printers,  or  myself,  one  other  factor  may  be  hidden  be­ hind  these omissions.  Is it not  possible  that  some of these unidenti­ fiable  plates  may  have  been  switched, counterfeited,  or  acquired  by other   illegitimate  means?  Some  men  might  have   leased   cars  or given  false  addresses in order  to  preserve  their  anonymity. I  know of  no  unobtrusive way to  test  the  degree of deliberate  deception. If deception were the motive in these instances,  it was  successful.","- Utilized unobtrusive measures of participant observation and physical traces.
- Combined with limited open-ended interviews for correction and validation.
- Described previously unexplored area of tearoom encounters.
- Preliminary description of participant population began after establishing a verified sample.
- Turned to archival measures, specifically ""the running record.""
- Sample identification used automobile license registers from respondents' states.
- Friendly policemen provided access to license registers without inquiries.
- Registers included names, addresses, brand names, and years of registered automobiles.
- Checked car make against transcribed descriptions; rejected contradictory cases.
- Verified names and addresses in metropolitan directories for marital and occupational data.
- Geographic mobility and data gaps are challenges when using city directories.
- New directories issued just before the research need provided an advantage.
- Only 17% of men in the sample were not listed in directories.
- Occupational data missing for 37% of men, including those not in directories.
- Used telephone company's index of numbers by street addresses for address discrepancies.
- All archival measures were less than a year old at the time of sample verification.
- Did not eliminate men without marital or occupational data to avoid losing variables.
- Acknowledged potential biases in the sample.
- Excluded license numbers from states not represented in the metropolitan area.
- Estimated 5% of cars had out-of-state plates, mostly military personnel.
- Indicated that military representation in the sample might be underestimated.
- Excluded license numbers that precluded research due to various reasons.
- Eighteen eliminated for not being listed in license registers.
- Seven men resided outside the metropolitan area.
- Five were driving leased or company cars.
- Two had mismatched automobile descriptions.
- Two nonexistent addresses were listed in the registers.
- Adjustments made before finalizing the sample of 100.
- Two men dropped for identity reasons; replaced with two young men who walked to tearooms.
- Acknowledged potential errors in exclusions due to clerical or personal mistakes.
- Considered possibility of unidentifiable plates being switched or acquired illegitimately.
- Recognized that some men might have used false addresses for anonymity.
- No unobtrusive method to test for deliberate deception.","# Study of Tearoom Encounters

The research utilized unobtrusive measures to explore tearoom encounters.

## Methodology
- **Observation Techniques:** Participant observation and physical traces were primary methods.
- **Interviews:** Limited use of open-ended interviews for validation.
- **Archival Measures:** ""The running record"" was used for sample verification.

---

## Sample Identification
- **Source of Data:** Automobile license registers from respondents' states.
- **Access:** Friendly policemen provided access without inquiries.
- **Data Collected:** Names, addresses, car brand, and year from license registers.
- **Verification Process:** Checked car descriptions against license data; contradictory cases were excluded.

---

## Data Gaps and Geographic Mobility
- **Challenges:** Geographic mobility and data gaps hindered research.
- **Directory Use:** New city directories were available, aiding in data collection.
- **Population Stability:** 83% of men were listed in directories; 37% lacked occupational data.

---

## Address Verification
- **Additional Sources:** Used telephone company index for address verification.
- **Timeliness:** All archival measures were less than a year old at the time of research.
- **Data Inclusion:** Did not exclude men without marital or occupational data to avoid bias.

---

## Biases and Adjustments
- **Out-of-State Plates:** Estimated 5% of cars had out-of-state plates, mostly military personnel.
- **Sample Representation:** Adjusted for potential biases, particularly regarding armed forces representation.
- **Exclusions:** Eighteen license numbers excluded due to clerical errors; others excluded for various reasons.

---

## Final Sample Composition
- **Final Count:** Reached a final sample of 100 participants.
- **Identity Adjustments:** Two men dropped for identity reasons; replaced with two young men who walked to tearooms.
- **Anonymity Concerns:** Considered the possibility of deception in unidentifiable plates.

The study highlights the complexities of sampling and data collection in sensitive research areas.",,
"The goal of field studies is to evaluate products with users in their natural settings. Field studies are used primarily to •  Help identify opportunities for new technology •  Establish the requirements for a new design •  Facilitate the introduction of technology or inform deployment of existing technology in new contexts
Methods that are typically used are observation, interviews, and interaction logging (see Chapters 8 and 9). The data takes the form of events and conversations that are recorded by the researchers as notes, or through audio or video recording, or by the participants as diaries and notes. The goal is to be unobtrusive and not to affect what people do during the evaluation. However, it is inevitable that some methods will influence how people behave. For example, diary studies require people to document their activities or feelings at certain times, and this can make them reflect on and possibly change their behavior.
During the last 15 years, there has been a trend toward conducting in-the-wild studies. These are essentially user studies that look at how new technologies or prototypes have been deployed and used by people in various settings, such as outdoors, in public places, and in homes. Sometimes, a prototype that is deployed is called a disruptive technology, where the aim is to determine how it displaces an existing technology or practice. In moving into the wild, researchers inevitably have to give up control of what is being evaluated in order to observe how people approach and use—or don’t use—technologies in their everyday lives. For example, a researcher might be interested in observing how a new mobile navigation device will be used in urban environments. To conduct the study, they would need to recruit people who are willing to use the device for a few weeks or months in their natural surroundings. They might then tell the participants what they can do with the device. Other than that, it is up to the participants to decide how to use it and when, as they move among work or school, home, and other places.
The downside of handing over control is that it makes it difficult to anticipate what is going to happen and to be present when something interesting does happen. This is in contrast to usability testing where there is always an investigator or camera at hand to record events. Instead, the researcher has to rely on the participants recording and reflecting on how they use the product, by writing up their experiences in diaries, filling in online forms, and/or taking part in intermittent interviews.
Field studies can also be virtual, where observations take place in multiuser games such as World of Warcraft, online communities, chat rooms, and so on. A goal of this kind of field study is to examine the kinds of social processes that occur in them, such as collaboration, confrontation, and cooperation. The researcher typically becomes a participant and does not control the interactions (see Chapters 8 and 9). Virtual field studies have also become popular in the geological and biological sciences because they can supplement studies in the field. Increasingly, online is partnered with a real-world experience so that researchers and students get the best of both situations (Cliffe, 2017).","- Goal of field studies:
  - Evaluate products with users in their natural settings
- Primary uses of field studies:
  - Identify opportunities for new technology
  - Establish requirements for new design
  - Facilitate introduction of technology or inform deployment in new contexts
- Typical methods used:
  - Observation
  - Interviews
  - Interaction logging
- Data collection methods:
  - Recorded as notes by researchers
  - Audio or video recording
  - Diaries and notes by participants
- Aim:
  - Be unobtrusive and not affect user behavior
- Influence of methods:
  - Some methods may change user behavior (e.g., diary studies)
- Trend in research:
  - Increasing focus on in-the-wild studies
  - Observing deployment and use of technologies in various settings (outdoors, public places, homes)
- Disruptive technology:
  - Prototype that displaces existing technology or practice
- Challenges of in-the-wild studies:
  - Loss of control over evaluation
  - Difficulty in anticipating events
- Data collection in in-the-wild studies:
  - Participants record experiences in diaries
  - Fill in online forms
  - Participate in intermittent interviews
- Virtual field studies:
  - Observations in multiuser games, online communities, chat rooms
  - Examine social processes (collaboration, confrontation, cooperation)
  - Researcher as participant, no control over interactions
- Popularity in geological and biological sciences:
  - Supplement field studies
  - Combine online and real-world experiences for comprehensive research","Field studies evaluate products in users' natural settings to inform design and technology deployment.

## Purpose of Field Studies
- **Goals:** 
  - Identify opportunities for new technology
  - Establish requirements for new designs
  - Facilitate technology introduction or inform deployment in new contexts
- **Methods Used:** 
  - Observation
  - Interviews
  - Interaction logging
- Data is recorded as notes, audio, video, or participant diaries.
- The aim is to be unobtrusive, though some methods may influence behavior.

*Field studies aim to gather authentic user experiences while minimizing researcher impact.*

---

## In-the-Wild Studies
- **Trend:** Increased focus on user studies in natural settings over the last 15 years.
- **Definition:** Studies observing how new technologies or prototypes are used in various environments (e.g., outdoors, public places, homes).
- **Disruptive Technology:** Prototypes that aim to displace existing technologies or practices.
- Researchers relinquish control to observe genuine user interactions with technology.

*In-the-wild studies provide insights into real-world technology usage and user behavior.*

---

## Challenges of Field Studies
- **Control Issues:** Difficulty in anticipating events and being present for significant occurrences.
- **Data Collection:** Reliance on participants to document their experiences through diaries, online forms, and interviews.
- **Comparison to Usability Testing:** Usability testing involves constant observation, while field studies do not.

*Field studies present unique challenges in data collection and participant behavior observation.*

---

## Virtual Field Studies
- **Definition:** Observations in multiuser games, online communities, and chat rooms.
- **Goals:** Examine social processes like collaboration, confrontation, and cooperation.
- Researchers often participate without controlling interactions.
- **Popularity:** Gaining traction in geological and biological sciences, supplementing traditional field studies.
- **Integration:** Combining online and real-world experiences for comprehensive research.

*Virtual field studies expand the scope of research by exploring social dynamics in digital environments.*",,
"Some cities are taking aim at travelers' wallets, leveling fines for bad behavior. Venice fines travelers for consuming drinks or food on the ground, swimming in the canals and walking around in swimwear.

Tourists who sit or lie on monuments, bridges, steps or walkways in Venice can be banned from the area and subject to fines of 100-200 euros ($105-$210).
Starting next year, the city is trialing a new tactic: a $5 fee for daytrippers.

New tourism taxes are set to start in Valencia, Spain; Manchester, England; Thailand; and Iceland, said Ivan Saprov, founder of the U.S.-based travel tech company Voyagu. Bali, too, will tax travelers 150,000 rupiah ($10) starting in February 2024, according to local reports.
But fees connected to sustainability aren't as hard a pill for travelers to swallow — as long as they are disclosed, Saprov told CNBC.

""After speaking with our clients, we were pleasantly surprised by the positive feedback,"" he said. ""Almost 40% of them are ok and in favor, as the revenue generated can be used to create enjoyable facilities and services for both tourists and locals.""
Some travelers supported Bhutan's $200 per day Sustainable Development Fee, which was announced in 2022. But others called it elitist. Since then, the country has reduced the fee twice to attract visitors.

""Finding the balance is very complicated,"" said Saul.

Economic restrictions are just half measures, said Tsukanova, adding that research shows fines and fees alone don't prevent overtourism. Collaboration — between cities, sites, local businesses and residents — is needed too, she said.","- Some cities are imposing fines on travelers for bad behavior:
  - Venice fines for:
    - Consuming drinks or food on the ground
    - Swimming in the canals
    - Walking around in swimwear
  - Tourists can be banned and fined 100-200 euros ($105-$210) for:
    - Sitting or lying on monuments, bridges, steps, or walkways
  - Starting next year, Venice will trial a $5 fee for daytrippers.

- New tourism taxes are being introduced in:
  - Valencia, Spain
  - Manchester, England
  - Thailand
  - Iceland
  - Bali will implement a 150,000 rupiah ($10) tax starting February 2024.

- Fees related to sustainability are generally accepted by travelers if disclosed:
  - Positive feedback from clients, with almost 40% in favor of such fees.
  - Revenue can be used for facilities and services benefiting both tourists and locals.

- Bhutan's $200 per day Sustainable Development Fee:
  - Announced in 2022, received mixed reactions.
  - Fee has been reduced twice to attract more visitors.

- Experts emphasize the need for collaboration:
  - Economic restrictions alone are insufficient to prevent overtourism.
  - Collaboration is necessary among cities, sites, local businesses, and residents.","# Fines and Fees for Travelers

Cities are implementing fines and fees to manage tourist behavior and promote sustainability.

## Venice's Fines
- **Fines for Bad Behavior:** Travelers fined for consuming food/drinks on the ground, swimming in canals, or wearing swimwear.
- **Monument Restrictions:** Sitting or lying on monuments, bridges, or walkways can lead to bans and fines of 100-200 euros ($105-$210).
- **New Daytrip Fee:** Starting next year, a $5 fee for daytrippers will be trialed.

*Venice is taking strict measures to regulate tourist behavior.*

---

## Global Tourism Taxes
- **New Taxes Announced:** Valencia, Spain; Manchester, England; Thailand; and Iceland will introduce new tourism taxes.
- **Bali's Tax:** Bali will implement a 150,000 rupiah ($10) tax starting February 2024.

*Various cities are adopting new taxes to manage tourism.*

---

## Traveler Perspectives on Fees
- **Sustainability Fees:** Travelers are more accepting of sustainability-related fees if disclosed.
- **Positive Feedback:** Nearly 40% of travelers support fees that fund facilities and services for tourists and locals.
- **Bhutan's Fee:** Bhutan's $200 per day Sustainable Development Fee faced mixed reactions; it has been reduced twice to attract visitors.

*Traveler opinions on fees vary, with some supporting sustainability initiatives.*

---

## Challenges of Overtourism
- **Ineffectiveness of Fines:** Economic restrictions alone do not prevent overtourism.
- **Need for Collaboration:** Effective management requires collaboration among cities, sites, local businesses, and residents.

*Addressing overtourism requires a comprehensive approach beyond just fines and fees.*",,
"The ability to work in a safe environment, free from sexual harassment, is a basic human right. 

Steps have been taken in recent years to ensure the practical realisation of this right in Australian workplaces.  For example, the Sex Discrimination Act 1984 (Cth) was amended in 2011  and again in 2013  to strengthen protections against sexual harassment, including in the workplace.  Many employers have also created initiatives to combat this serious business problem, including developing and implementing policies and procedures on sexual harassment. 

Yet, significant gaps in the implementation of the right to a safe working environment continue to exist.  The result is persistent and pervasive sexual harassment in Australian workplaces.  According to the Australian Human Rights Commission’s 2012 national telephone survey, workplace sexual harassment affects around 21% of people aged 15 years and older.   We have also seen the emergence of new and different forms of sexual harassment, facilitated in part by the increasing use of social media and other technologies at work. 
The effects of sexual harassment are costly not only to the individual employees who experience it and the bystanders who witness or later hear about it, but also to the businesses in which it occurs.  Consequences such as reduced morale, absenteeism, injury to reputation and the loss of shareholder confidence show that sexual harassment is an issue that employers cannot afford to ignore. 

If we are to succeed in creating safe workplaces where sexual harassment is a problem of the past, all of us—employers, employees, employer associations and unions, and government—need to work together to bridge the divide between law and practice.  And we need to ensure that every workplace participant understands that sexual harassment destroys lives, divides teams and damages business productivity. 
I am therefore pleased to publish Ending Workplace Sexual Harassment: A Resource for Small, Medium and Large Employers.  The resource aims to assist small, medium and large employers to understand and meet their legal obligations under the Sex Discrimination Act.  It also provides practical guidance on how employers can prevent sexual harassment and how to respond effectively when it occurs.  In addition, the resource discusses recent legal developments concerning workplace sexual harassment and canvasses some of the new and innovative approaches to addressing sexual harassment in the workplace, including enlisting the help of bystanders. 

I hope that this resource will help employers create healthy and safe workplaces in which all women and men are able to work without fear.  After all, being safe at work is both a basic human right and a business imperative.","- The right to work in a safe environment, free from sexual harassment, is a basic human right.
- Recent steps in Australia to ensure this right include:
  - Amendments to the Sex Discrimination Act 1984 (Cth) in 2011 and 2013 to strengthen protections against sexual harassment.
  - Initiatives by many employers to combat sexual harassment, including:
    - Developing and implementing policies and procedures.
- Significant gaps in the implementation of the right to a safe working environment still exist, leading to:
  - Persistent and pervasive sexual harassment in workplaces.
  - According to a 2012 survey by the Australian Human Rights Commission, around 21% of people aged 15 and older are affected by workplace sexual harassment.
  - Emergence of new forms of sexual harassment due to social media and technology.
- The effects of sexual harassment are costly, impacting:
  - Individual employees who experience it.
  - Bystanders who witness or hear about it.
  - Businesses, leading to:
    - Reduced morale.
    - Absenteeism.
    - Injury to reputation.
    - Loss of shareholder confidence.
- To create safe workplaces, collaboration is needed among:
  - Employers.
  - Employees.
  - Employer associations and unions.
  - Government.
- Importance of understanding that sexual harassment:
  - Destroys lives.
  - Divides teams.
  - Damages business productivity.
- Introduction of ""Ending Workplace Sexual Harassment: A Resource for Small, Medium and Large Employers"":
  - Aims to assist employers in understanding and meeting legal obligations under the Sex Discrimination Act.
  - Provides practical guidance on preventing and responding to sexual harassment.
  - Discusses recent legal developments and innovative approaches, including enlisting bystanders.
- Goal: Help employers create healthy and safe workplaces for all employees, emphasizing that safety at work is a basic human right and a business imperative.","# Addressing Sexual Harassment in Australian Workplaces

The right to a safe work environment free from sexual harassment is essential.

## Legal Framework
- **Sex Discrimination Act 1984:** Amended in 2011 and 2013 to enhance protections against sexual harassment.
- **Employer Initiatives:** Many employers have developed policies and procedures to combat sexual harassment.

*Despite legal advancements, gaps in implementation persist.*

---

## Current Situation
- **Prevalence:** 21% of individuals aged 15 and older experience workplace sexual harassment (Australian Human Rights Commission, 2012).
- **Emerging Forms:** New types of sexual harassment are arising due to social media and technology.

*Sexual harassment remains a significant issue in Australian workplaces.*

---

## Impact on Businesses
- **Consequences:** Reduced morale, absenteeism, reputational damage, and loss of shareholder confidence.
- **Cost:** Sexual harassment affects both individuals and businesses financially and socially.

*Employers must recognize the serious implications of sexual harassment.*

---

## Collaborative Solutions
- **Collective Responsibility:** Employers, employees, associations, unions, and government must work together.
- **Understanding Impact:** All workplace participants should recognize the destructive nature of sexual harassment.

*Collaboration is key to creating safe workplaces.*

---

## Resource Publication
- **New Resource:** ""Ending Workplace Sexual Harassment: A Resource for Small, Medium and Large Employers.""
- **Purpose:** To help employers understand legal obligations and provide guidance on prevention and response.
- **Innovative Approaches:** Discusses recent legal developments and strategies, including bystander involvement.

*This resource aims to foster safe and healthy workplaces for all.*

---

## Conclusion
- **Workplace Safety:** A fundamental human right and a business necessity.
- **Goal:** To eliminate sexual harassment in workplaces through informed action.

*Creating a safe work environment benefits everyone involved.*",,
"The exclusive, one-on-one relationship of mentor and mentee, long the norm, was ideal for a time when both parties stayed put in one institution or devoted to a single mission. That time has passed. Professionals in business and academia are highly itinerant, moving from one project or institution to another. Moreover, faculty and managers alike are under constant and growing time pressure. As a result, most mentors today share responsibility with others for the growth of a mentee. It makes sense: Few senior-level people have the time or range of expertise to serve as a solo mentor. Having a handful of co-mentors also gives mentees a fallback position if the relationship with their primary mentor fizzles.
Mentees should work with mentors to create a mentorship team, with members selected for their various areas of knowledge, such as subject matter expertise or career advice. The individuals chosen need to work well together and with the mentee. The primary mentor should function as the go-to person, providing mentees with moral, career, and institutional support, ranging from choosing a project focus, to helping build a network, to strategizing for success.
The concept of mentorship teams has slowly started to spread through management. A recent HBR article (“Your Career Needs Many Mentors, Not Just One,”) advanced the concept of mastermind groups, or a personal board of directors, a clear allusion to mentorship teams. Inherent in each of these brain trusts is the notion that the myriad skills and knowledge needed in business are difficult to acquire from a single individual. Indeed, firms such as Credit Suisse now employ a multiperson mentorship strategy when assigning new analysts to projects. An analyst needs much more support than a single staffer can provide, and will only grow more fluent in a firm’s culture and language through guidance from key figures across the organization. A young analyst we spoke with, who is soon to become an associate, described their experience in this way: “What I learned in onboarding was only 40% of what I needed to be successful. By having several key people, from staffers to VPs, assigned to me early in my career, I was able to gain the other 60% quickly.”","- The traditional mentor-mentee relationship was once ideal for stable institutions and missions.
- Today, professionals in business and academia are highly mobile, frequently changing projects and institutions.
- Both mentors and mentees face increasing time pressures.
- Most mentors now share responsibilities with others for mentee development.
- Few senior-level individuals can serve as sole mentors due to time constraints and expertise limitations.
- Co-mentors provide mentees with alternative support if the primary mentorship falters.
- Mentees should collaborate with mentors to form a mentorship team.
  - Team members should be selected based on diverse knowledge areas (e.g., subject matter expertise, career advice).
  - Team members must work well together and with the mentee.
- The primary mentor acts as the main support figure, offering:
  - Moral support
  - Career guidance
  - Institutional support
  - Assistance in project focus, networking, and success strategies.
- The concept of mentorship teams is gaining traction in management.
- A recent HBR article introduced the idea of mastermind groups or personal boards of directors, akin to mentorship teams.
- These groups acknowledge that diverse skills and knowledge are hard to find in a single mentor.
- Companies like Credit Suisse utilize a multiperson mentorship strategy for new analysts.
  - Analysts require more support than one individual can provide.
  - Exposure to various key figures enhances understanding of the firm's culture and language.
- A young analyst noted that onboarding provided only 40% of the knowledge needed for success.
- Early career support from multiple key individuals helped them quickly acquire the remaining 60%.","The traditional mentor-mentee relationship is evolving to include multiple mentors for better support.

## Changing Nature of Mentorship
- **Historical Context:** Traditional one-on-one mentorship was ideal when professionals remained in one institution.
- **Current Trends:** Professionals are now highly mobile, moving between projects and institutions.
- **Time Constraints:** Both mentors and mentees face increasing time pressures, making solo mentorship less feasible.
- **Co-Mentorship Benefits:** Multiple mentors provide diverse expertise and a safety net if primary relationships falter.

*The mentorship landscape is shifting towards collaborative support systems.*

---

## Building a Mentorship Team
- **Team Composition:** Mentees should create a mentorship team with members selected for their expertise.
- **Roles of Mentors:** The primary mentor should offer moral, career, and institutional support.
- **Support Areas:** Mentors assist with project focus, networking, and strategic planning.

*Effective mentorship teams enhance the growth and success of mentees.*

---

## Emergence of Mastermind Groups
- **Concept Introduction:** The idea of mentorship teams is gaining traction, likened to mastermind groups or personal boards of directors.
- **Skill Acquisition:** Diverse skills and knowledge are difficult to obtain from a single mentor.
- **Corporate Adoption:** Companies like Credit Suisse implement multiperson mentorship strategies for new analysts.
- **Analyst Experience:** A young analyst noted that onboarding provided only 40% of the necessary knowledge, with the remaining 60% gained through multiple mentors.

*Mastermind groups exemplify the need for varied mentorship in professional development.*",,
"This artist rendering illustrates a conceptual design for a potential future mission that would land a robotic probe on the surface of Jupiter's icy moon Europa. A Europa lander would need to withstand radiation, frigid temperatures, ice and potentially mist from possible plumes jetting from the moon's surface. Image credit: NASA/JPL-Caltech | › Learn more about this image
Venus' forbidding atmosphere has claimed numerous landers over the years. With temperatures of more than 842 degrees Fahrenheit (450 degrees Celsius), sulfuric acid clouds and crushing surface pressures, electronics won't last longer than a few hours in all but the most robust spacecraft. This spacecraft proposed to NASA in 2016 by Jonathan Sauder of JPL gets rid of the electronics altogether. Image credit: ESA/J. Whatmore/NASA/JPL-Caltech | › Learn more about this image
The chemistry at play here can be summed up with the metal activity series, from most reactive to least reactive. A metal high on the list will react with any metal below it. For example, a satellite made of iron would be vulnerable to acid (hydrogen), but a satellite made of copper would be resistant. Image credit: NASA/JPL-Caltech | › Download this image
When we think about sending a spacecraft to another planet or into space, we ask questions like, “What will it look for?” or “How can we get it to its destination?” But when was the last time we asked, “What will it be made of?” This question is extremely important, as the material we choose needs to be suitable for the mission’s goals and locations. Imagine if we sent a satellite to a planet that can reach high temperatures, like Mercury, only to have it melt upon arrival!
The study of how materials react to chemicals or conditions is called material science, and it is a very important field within chemistry for NASA scientists. For example, the New Horizons spacecraft, which was designed to fly by Pluto, was constructed of aluminum because it’s cheap and lightweight, which meant less fuel was needed to launch it into space. The Mars Curiosity rover, on the other hand, used a suspension system built largely out of titanium not just because it is strong, but also resistant to radiation. Similarly, titanium was used to protect the science instruments aboard the Juno spacecraft from the even more intense radiation at Jupiter.
Jupiter’s icy moon Europa has shown signs that it may be home to active plumes ejecting material into space. Upon arriving in the Jovian system to study this ice-covered moon, the Europa Clipper spacecraft will look to see if these plumes actually exist. If they do, the spacecraft will fly through the plumes to sample them. Engineers designing the spacecraft had to consider this possibility and chose materials that could withstand coming into contact with the plumes.
It’s important to note that just because metals may look and feel strong it doesn’t mean they are. They can be highly reactive to other chemicals or environments. Maybe you’ve seen rust on a car or bicycle when iron is oxidized to form iron oxide. Imagine if you spent years designing a spacecraft only to have it be covered in rust when it arrived at its destination. Luckily, metals react very predictably, so if we know what chemicals are present at our destination, we can plan accordingly.","- Artist rendering of a conceptual design for a future mission to land a robotic probe on Jupiter's icy moon Europa.
  - Europa lander must withstand:
    - Radiation
    - Frigid temperatures
    - Ice
    - Potential mist from plumes jetting from the surface
  - Image credit: NASA/JPL-Caltech

- Venus' atmosphere has caused failures of numerous landers.
  - Conditions include:
    - Temperatures over 842°F (450°C)
    - Sulfuric acid clouds
    - Crushing surface pressures
  - Electronics last only a few hours in most spacecraft.
  - Proposed spacecraft by Jonathan Sauder (2016) eliminates electronics.
  - Image credit: ESA/J. Whatmore/NASA/JPL-Caltech

- Chemistry involves the metal activity series:
  - Metals high on the list react with those below.
  - Example:
    - Iron is vulnerable to acid (hydrogen).
    - Copper is resistant.
  - Image credit: NASA/JPL-Caltech

- Key questions for spacecraft missions:
  - “What will it look for?”
  - “How can we get it to its destination?”
  - “What will it be made of?” (important for mission goals and locations)
  - Example: Sending a satellite to Mercury that melts upon arrival.

- Material science studies how materials react to chemicals or conditions:
  - Important for NASA scientists.
  - New Horizons spacecraft:
    - Made of aluminum (cheap, lightweight).
    - Less fuel needed for launch.
  - Mars Curiosity rover:
    - Suspension system largely made of titanium (strong, radiation-resistant).
  - Juno spacecraft:
    - Titanium used to protect science instruments from intense radiation at Jupiter.

- Europa Clipper spacecraft will study potential active plumes on Europa:
  - Will look for existence of plumes.
  - If plumes exist, the spacecraft will sample them.
  - Engineers chose materials to withstand contact with plumes.

- Metals may appear strong but can be highly reactive:
  - Example: Rust on iron (oxidation to iron oxide).
  - Importance of planning for chemical reactions at destination.","# Future Spacecraft Missions and Material Science

The design and material selection for future spacecraft missions are crucial for their success.

## Europa Lander Concept
- **Mission Goal:** Land a robotic probe on Jupiter's moon Europa.
- **Challenges:** Must withstand radiation, frigid temperatures, ice, and potential plumes.
- **Image Credit:** NASA/JPL-Caltech.

*The Europa lander must be designed to endure extreme conditions.*

---

## Venus Lander Challenges
- **Atmospheric Conditions:** Temperatures exceed 842°F (450°C) with sulfuric acid clouds and high pressure.
- **Electronics Lifespan:** Last only a few hours in harsh environments.
- **Proposed Solution:** A spacecraft design by Jonathan Sauder (2016) eliminates electronics.
- **Image Credit:** ESA/J. Whatmore/NASA/JPL-Caltech.

*Venus presents significant challenges for lander technology due to its extreme environment.*

---

## Material Science in Spacecraft Design
- **Key Question:** What materials should spacecraft be made of?
- **Importance:** Material choice affects mission success and durability.
- **Material Science:** Studies how materials react to conditions and chemicals.
- **Examples:**
  - **New Horizons:** Constructed from aluminum for lightweight and cost-effectiveness.
  - **Mars Curiosity Rover:** Used titanium for strength and radiation resistance.
  - **Juno Spacecraft:** Titanium protected instruments from Jupiter's radiation.

*Material science is essential for ensuring spacecraft can withstand their environments.*

---

## Europa Clipper Mission
- **Objective:** Investigate potential plumes on Europa.
- **Sampling Strategy:** Fly through plumes if they exist to collect samples.
- **Material Considerations:** Engineers selected materials to endure contact with plumes.

*The Europa Clipper mission aims to explore the potential for life in Europa's plumes.*

---

## Metal Reactivity and Spacecraft Design
- **Metal Activity Series:** Metals react differently based on their position in the series.
- **Example:** Iron is vulnerable to acid; copper is resistant.
- **Reactivity Risks:** Metals can corrode, as seen with rust on iron.
- **Predictable Reactions:** Understanding chemical presence allows for better planning.

*Understanding metal reactivity is vital for spacecraft longevity and performance.*",,
"Hundreds of publications on peer-reviewed journals (Figure 1) provide a consistent body of evidence that the applications of sEMG makes appropriate information available in many medical fields, including the neurorehabilitation and orthopedic areas. Despite these achievements, clinical applications in health delivery institutions remain very limited because of many barriers. Clinicians have ready access to articles, evidence summaries, systematic reviews, and meta-analyses that assess and summarize the state of the art in the field. However, scientific publications are necessary but not sufficient to promote innovation. As indicated in a well-known editorial by A. Jette in 2017 (229) “Publishing our work in journals is essential—but publication of research is not, by itself, sufficient if our goal is to change clinical practice. People follow the lead of other people they know and trust when they decide whether to take up an innovation and change the way they practice!”
Cultural barriers derive from “uneasiness” with technology, from communication gaps, different perceptions and approaches between rehabilitation engineers and clinical operators. These different perceptions hinder technology transfer and generate educational barriers. Overcoming these barriers requires a strongly  interdisciplinary  educational  approach.  The  lack of  a  partially  overlapping  high-level  education,  involving rehabilitation professionals and engineers, results in different languages,  communication  gaps,  different  approaches  to common problems, or, in one word, cultural barriers that delay technology transfer. The development of common languages at common institutions would promote the use of sEMG systems and other measurement techniques
Overcoming educational barriers requires (a) a greater degree of bidirectional osmosis between the clinical and the research environments, (b) funding of translational efforts, (c) use of textbooks and manuals related to the clinical use of sEMG in specific applications prepared by experts (19), (d) design and implementation of large clinical studies. These should rise from (a) simple case-series on the added value provided by sEMG assessment aimed to the selection of a proper treatment, (b) observational studies comparing both pathways and outcomes of cohorts of patients treated in centers with/without sEMG adjunctive assessments, up to RCTs addressing the percentage of modified treatments and the differences in the functional outcomes determined by the use of sEMG-based adjunctive assessments. These activities must be carried out by qualified researchers within post-graduate research programs. This brings up the need for new academic figures merging clinical and physiopathological competences with the capability of understanding and properly using state-of-the art sEMG instrumentation/technology.

The lack of higher academic degrees in physiotherapy and movement sciences prevents (a) the education of qualified researchers able to properly apply the rapidly developing technology and to carry out large clinical studies, and (b) continuing  education  initiatives  in  teaching  and  research to  exploit  the  growing  assessment  capabilities  provided by technology.
Technical barriers are due to (a) sEMG systems considered unfriendly, (b) the lack of familiarity with hardware and signal processing/interpretation techniques, and (c) the demand for fool-proof automatic equipment. The demand for support in the interpretation of signals and automatic warning of potential misuse and acquisition errors cannot be fully satisfied. Automatic expert system are no substitutes for human expertise and competence and may be misleading. No device should be used without knowledge of its performance, limitations and misuse, and without user’s critical competence. Education and research should be institutionally planned and provided, like in other fields, at the academic level, by training new figures with a strongly inter- and multi-disciplinary approach. They will, in turn, train a new breed of clinical operators able  to  manage  technology  and  interact  with  engineers and manufacturers.
Finally, economical barriers, including cost/benefit analysis, should be seriously considered to identify the most economically rewarding sEMG-based applications, thus turning boundaries into project specifications. This requires fellowships for training researchers and funding for support of large clinical studies whose results will lead to reduction of the economic burden of institutions paying for treatment costs.","- Hundreds of publications in peer-reviewed journals provide evidence of sEMG applications in various medical fields, including:
  - Neurorehabilitation
  - Orthopedics
- Clinical applications in health delivery institutions are limited due to several barriers.
- Clinicians have access to:
  - Articles
  - Evidence summaries
  - Systematic reviews
  - Meta-analyses
- Scientific publications are necessary but not sufficient for promoting innovation.
- A. Jette (2017) emphasized that:
  - Publication alone does not change clinical practice.
  - People trust and follow the lead of known individuals when adopting innovations.
  
- Cultural barriers arise from:
  - Uneasiness with technology
  - Communication gaps
  - Different perceptions between rehabilitation engineers and clinical operators
- These barriers hinder technology transfer and create educational challenges.
- Overcoming barriers requires:
  - An interdisciplinary educational approach
  - Development of common languages at institutions to promote sEMG systems usage

- Overcoming educational barriers involves:
  - Greater bidirectional osmosis between clinical and research environments
  - Funding for translational efforts
  - Use of expert-prepared textbooks/manuals on clinical sEMG applications
  - Design and implementation of large clinical studies, including:
    - Simple case-series on sEMG assessment value
    - Observational studies comparing treatment pathways and outcomes
    - RCTs on treatment modifications and functional outcomes
- Qualified researchers in post-graduate programs are essential for these activities.
- New academic figures are needed to merge clinical and physiopathological competencies with sEMG technology understanding.

- Lack of higher academic degrees in physiotherapy and movement sciences leads to:
  - Insufficient education of qualified researchers for large clinical studies
  - Limited continuing education initiatives to leverage technology's assessment capabilities

- Technical barriers include:
  - sEMG systems perceived as unfriendly
  - Lack of familiarity with hardware and signal processing techniques
  - Demand for fool-proof automatic equipment
- Support for signal interpretation and error detection is inadequate.
- Education and research should be institutionally planned at the academic level, focusing on:
  - Training new interdisciplinary clinical operators
  - Facilitating interaction with engineers and manufacturers

- Economic barriers must be addressed through:
  - Cost/benefit analysis to identify economically rewarding sEMG applications
  - Fellowships for training researchers
  - Funding for large clinical studies to reduce economic burdens on institutions","# Barriers to sEMG Applications in Clinical Practice

The integration of sEMG technology in clinical practice faces multiple barriers despite extensive research.

## Evidence of sEMG Applications
- **Publications:** Hundreds of peer-reviewed journals support sEMG applications in neurorehabilitation and orthopedics.
- **Access to Information:** Clinicians have access to articles, evidence summaries, and systematic reviews.
- **Innovation Challenge:** Scientific publications alone do not guarantee changes in clinical practice, as noted by A. Jette (2017).

*The existing literature highlights the potential of sEMG but emphasizes the need for practical application.*

---

## Cultural Barriers
- **Technology Uneasiness:** Clinicians exhibit discomfort with new technologies.
- **Communication Gaps:** Differences in perceptions between rehabilitation engineers and clinical operators hinder technology transfer.
- **Educational Approach:** A need for interdisciplinary education to bridge cultural barriers.

*Addressing cultural barriers is essential for effective technology transfer in clinical settings.*

---

## Overcoming Educational Barriers
- **Bidirectional Osmosis:** Encourage interaction between clinical and research environments.
- **Funding Needs:** Support translational efforts and large clinical studies.
- **Expert Resources:** Utilize textbooks and manuals on clinical sEMG applications.
- **Study Design:** Implement case-series, observational studies, and RCTs to evaluate sEMG's impact.

*Educational initiatives are crucial for fostering a skilled workforce capable of utilizing sEMG technology.*

---

## Technical Barriers
- **User-Friendliness:** sEMG systems are often perceived as unfriendly.
- **Familiarity Issues:** Lack of knowledge in hardware and signal processing techniques.
- **Automatic Equipment Demand:** Need for fool-proof systems that still require human expertise.

*Technical barriers necessitate comprehensive education and training for effective sEMG application.*

---

## Economic Barriers
- **Cost/Benefit Analysis:** Essential for identifying economically viable sEMG applications.
- **Funding Requirements:** Fellowships and financial support for large clinical studies are necessary.

*Economic considerations are vital for the sustainable integration of sEMG in clinical practice.*",,
"On 16 October, residents of Buea, ~10 km SE of the summit, were frightened by rumbling sounds and saw a red glow on the W flank. The next day, a helicopter making a survey flight over the area observed an eruption along a fissure ~6.5 km SW of the summit (on the SW border of the terminal plateau, at 4.15°N, 9.13°E). Steam was emitted from the upper part of the fissure, which began at 2,600 m altitude and trended NNE-SSW, parallel to the general tectonic trend. Basaltic lava emerged from the fissure at 2,500 m altitude and moved downslope at 20 km/hour in a 3-m-wide flow that reached forested areas. At night, glow from the lava was visible 50 km away. By 19 October, the active vent had built a cone 20 m high and 50 m in long dimension, and was emitting steam, ash, and lava fountains. Activity fluctuated 20-22 October, with periods of vigorous degassing lasting about 50 minutes. The crater included two active vents that ejected gas, ash, and bombs to 300-400 m height. Short, noisy explosions every 5-10 seconds made talking difficult 200 m from the crater. At 2450 m altitude, a lava flow poured out of the fissure at 20 km/hour. Newspapers reported some slowing of the lava advance during the night of 21-22 October, and by then the lava had moved through heavy rain forest to about 6 km from the seacoast village of Bakingili (population 300) on the SSW flank. Geologists reported that similar vent activity continued 22-30 October, and was audible 15-20 km away. On 30 October, the flow was about 200 m wide and 20 m thick, and its front had apparently stopped at 1,200 m above sea level. However, the eruption was reported to be continuing. Total lava output was estimated at 107 m3. Gas and aerosols were collected by a CNRS team. The eruption plume reached 4,000 m altitude. Total SO2 output was about 1,000 tons/day.
At press time, Fitton, Hughes, and Kilburn reported that the moderate lava outflow and Strombolian activity observed 7-8 November had declined to a very sluggish trickle on the 9th, and the eruption had apparently ended 10 November.

Most of the 300 inhabitants of Bakingili were evacuated, as were the residents of Tsonko (Isongo), a nearby coastal town. Larger towns and an oil refinery were not endangered by the current activity, but palm oil plantations have reportedly been damaged.
Geological Summary. Mount Cameroon, one of Africa's largest volcanoes, rises above the coast of west Cameroon. The massive steep-sided volcano of dominantly basaltic-to-trachybasaltic composition forms a volcanic horst constructed above a basement of Precambrian metamorphic rocks covered with Cretaceous to Quaternary sediments. More than 100 small cinder cones, often fissure-controlled parallel to the long axis of the 1400 km3 edifice, occur on the flanks and surrounding lowlands. A large satellitic peak, Etinde (also known as Little Cameroon), is located on the S flank near the coast. Historical activity was first observed in the 5th century BCE by the Carthaginian navigator Hannon. During historical time, moderate explosive and effusive eruptions have occurred from both summit and flank vents. A 1922 SW-flank eruption produced a lava flow that reached the Atlantic coast, and a lava flow from a 1999 south-flank eruption stopped only 200 m from the sea. Explosive activity from two vents on the upper SE flank was reported in May 2000.","- On 16 October:
  - Residents of Buea (~10 km SE of the summit) heard rumbling sounds and saw a red glow on the W flank.
- 17 October:
  - A helicopter survey observed an eruption along a fissure ~6.5 km SW of the summit (4.15°N, 9.13°E).
  - Steam was emitted from the fissure starting at 2,600 m altitude, trending NNE-SSW.
  - Basaltic lava emerged at 2,500 m altitude, flowing downslope at 20 km/hour in a 3-m-wide flow, reaching forested areas.
  - Lava glow was visible 50 km away at night.
- By 19 October:
  - The active vent built a cone 20 m high and 50 m long, emitting steam, ash, and lava fountains.
- Activity from 20-22 October:
  - Fluctuated with vigorous degassing lasting about 50 minutes.
  - Two active vents ejected gas, ash, and bombs to 300-400 m height.
  - Short, noisy explosions occurred every 5-10 seconds, making conversation difficult 200 m from the crater.
  - A lava flow poured out at 2450 m altitude at 20 km/hour.
- 21-22 October:
  - Reports indicated some slowing of lava advance during the night.
  - Lava moved through heavy rain forest to about 6 km from Bakingili (population 300) on the SSW flank.
- 22-30 October:
  - Similar vent activity continued, audible 15-20 km away.
- 30 October:
  - Lava flow was about 200 m wide and 20 m thick, front stopped at 1,200 m above sea level.
  - Eruption continued with total lava output estimated at 107 m³.
  - Gas and aerosols collected by a CNRS team; eruption plume reached 4,000 m altitude.
  - Total SO2 output was about 1,000 tons/day.
- 7-9 November:
  - Moderate lava outflow and Strombolian activity observed, declining to a sluggish trickle by the 9th.
  - Eruption apparently ended on 10 November.
- Evacuations:
  - Most inhabitants of Bakingili and residents of Tsonko (Isongo) were evacuated.
  - Larger towns and an oil refinery were not endangered; palm oil plantations reported damage.
- Geological Summary:
  - Mount Cameroon is one of Africa's largest volcanoes, with a steep-sided structure of basaltic-to-trachybasaltic composition.
  - Constructed above Precambrian metamorphic rocks, covered with Cretaceous to Quaternary sediments.
  - Over 100 small cinder cones on flanks and surrounding lowlands.
  - Large satellitic peak, Etinde, located on the S flank near the coast.
  - Historical activity observed since the 5th century BCE; moderate explosive and effusive eruptions recorded.
  - Notable eruptions in 1922 and 1999, with explosive activity reported in May 2000.","# Eruption of Mount Cameroon

Residents of Buea experienced significant volcanic activity from Mount Cameroon in October 2023.

## Initial Observations
- **Date:** 16 October  
- **Location:** Buea, ~10 km SE of summit  
- **Events:** Rumbling sounds and red glow observed on W flank  
- **Helicopter Survey:** Eruption detected along fissure ~6.5 km SW of summit (4.15°N, 9.13°E)  
- **Steam Emission:** From fissure starting at 2,600 m altitude, trending NNE-SSW  
- **Lava Flow:** Basaltic lava emerged at 2,500 m altitude, moving downslope at 20 km/hour  
- **Visibility:** Lava glow visible from 50 km away at night  

The initial observations indicated a significant volcanic event beginning on 16 October.

---

## Eruption Development
- **By 19 October:**  
  - **Cone Formation:** 20 m high, 50 m long  
  - **Eruptive Activity:** Emitting steam, ash, and lava fountains  
- **Activity Fluctuation:** 20-22 October with vigorous degassing lasting ~50 minutes  
- **Crater Details:** Two active vents ejecting gas, ash, and bombs to 300-400 m height  
- **Explosion Frequency:** Short, noisy explosions every 5-10 seconds, affecting communication 200 m away  
- **Lava Flow:** Continued at 2,450 m altitude, 20 km/hour  

The eruption developed rapidly, with significant activity noted by 19 October.

---

## Lava Flow and Impact
- **Lava Movement:**  
  - **Date:** 21-22 October  
  - **Location:** 6 km from Bakingili (population 300)  
  - **Flow Width:** 200 m wide, 20 m thick by 30 October  
  - **Flow Stopping Point:** 1,200 m above sea level  
- **Total Lava Output:** Estimated at 107 m³  
- **Gas Emission:** SO2 output ~1,000 tons/day  
- **Evacuations:** Most inhabitants of Bakingili and nearby Tsonko evacuated  
- **Damage Reported:** Palm oil plantations affected, but larger towns and oil refinery were safe  

The lava flow posed a significant threat to local communities, prompting evacuations.

---

## Geological Context
- **Volcano:** Mount Cameroon, one of Africa's largest  
- **Composition:** Dominantly basaltic-to-trachybasaltic  
- **Structure:** Volcanic horst above Precambrian metamorphic rocks  
- **Cinder Cones:** Over 100 small cinder cones on flanks and lowlands  
- **Historical Activity:** First observed in 5th century BCE by navigator Hannon  
- **Notable Eruptions:**  
  - 1922 SW-flank eruption reached Atlantic coast  
  - 1999 south-flank eruption stopped 200 m from sea  
  - Explosive activity reported in May 2000  

Mount Cameroon has a rich history of volcanic activity, contributing to its geological significance.

---

## Recent Activity
- **Date:** 7-10 November  
- **Observation:** Moderate lava outflow and Strombolian activity noted  
- **Decline:** Activity reduced to a trickle by 9 November  
- **Eruption Status:** Reported to have ended on 10 November  

The recent activity indicates a decline in volcanic eruptions following significant events in October.",,
"The third theme that emerged from our analyses of the interview transcripts was that some residents were invisible in the community, making them especially vulnerable to poor health. Study participants believed that some residents were not valued or respected in the work place, did not have representation in government or policy agenda-setting activities, or were not treated with respect and/or dignity in their communities in general, or in specific settings such as medical offices. The following interview excerpts illustrated this notion of invisibility:
Although these excerpts referred to unique situations of each community, they both reflected a similar notion of invisibility. These discussions by study participants also suggested that being invisible in the community created a sense of powerlessness among residents and damaged a person’s health. When asked if the migrant seasonal farmworkers in the rural Latino community were healthy, one participant answered:
No, because of access, cost, the economics of health care and the fact that they [farmworkers] are really not recognized or appreciated for what they do. They’re looked upon more as just a labor force instead of people.... I see a lot of the men out here, the day laborers that we have, who can’t afford to have good health care. Many of them are undocumented so there’s a lot of places that receive federal funds that can’t assist them because of their documented status.
This excerpt illustrated farmworkers’ invisibility in the workplace and migrant camps and the connection of invisibility to health. In this statement, the participant tied lack of access to unhealthy living conditions and being undocumented,  suggesting that these factors, which reflected not having a place in the community, kept the residents from having good health. Similar views were shared by study participants of the other communities.","- Third theme: invisibility of some residents in the community
  - Leads to vulnerability to poor health
- Study participants' beliefs:
  - Some residents are not valued or respected in the workplace
  - Lack of representation in government and policy agenda-setting
  - Not treated with respect and dignity in communities and specific settings (e.g., medical offices)
- Interview excerpts illustrate the notion of invisibility:
  - Unique situations in each community reflect a similar theme
  - Invisibility creates a sense of powerlessness among residents
  - Damages individuals' health
- Example from a participant regarding migrant seasonal farmworkers:
  - Health issues due to:
    - Access and cost of healthcare
    - Lack of recognition and appreciation for their work
    - Viewed as a labor force rather than individuals
  - Many day laborers cannot afford good healthcare
  - Undocumented status limits access to federal assistance
- Connection between invisibility and health:
  - Lack of access leads to unhealthy living conditions
  - Factors reflecting absence in the community hinder good health
- Similar views shared by participants from other communities","# Invisibility and Health Vulnerability in Communities

## Theme of Invisibility
- Some residents are perceived as invisible in the community, leading to health vulnerabilities.
- Participants noted a lack of value and respect for these residents in workplaces and government.
- Invisibility affects treatment in various settings, including medical offices.

## Impact on Health
- **Powerlessness:** Invisibility creates a sense of powerlessness among residents.
- **Health Access:** Participants highlighted issues like access and cost of healthcare as barriers.
- **Undocumented Status:** Many farmworkers are undocumented, limiting their access to federal assistance.

**Are migrant seasonal farmworkers in the rural Latino community healthy?**
- One participant stated, ""No, because of access, cost, the economics of health care...""
- Farmworkers are viewed as a labor force rather than individuals, impacting their health.
- Lack of recognition and appreciation contributes to unhealthy living conditions.

Similar sentiments were echoed across other communities, emphasizing the pervasive issue of invisibility. 

---

Invisibility in the community significantly impacts residents' health and well-being.",,
"In this introductory chapter, I have outlined the major themes of this book: Capital is coded in law, and, more specifically, in institutions of private law, including property, collateral, trust, corporate, bankruptcy law, and contract law. These are the legal modules that bestow critical legal attributes on the select assets that give them a comparative advantage over others in creating new and protecting old wealth. Once properly coded, capital assets enjoy priority and durability, are convertible into cash, or legal tender, and, critically, these attributes will be enforced against the world, thereby attaining universality. This works because states back and, if necessary, coercively enforce the legal code of capital, whether or not they had a direct hand in choosing the coding strategy for the asset in question.
Recognizing that capital is made, and not simply the product of superior skills, shifts attention to the processes by which different assets are slated for legal coding and to the states that endorse relevant legal modules and offer their coercive powers to enforce them. As I will show, this process is both decentralized and, in only seeming contradiction, increasingly global. Private attorneys perform most of the work on behalf of their clients, and states, for their part, offer their own legal systems as a menu from which private parties get to pick and choose. As a result, many polities have lost the ability to control the creation and distribution of wealth.
In the following chapters, I will illustrate this argument by showing how different asset classes have been coded as capital, starting with land (chapter 2) and moving on to firms (chapter 3), debt (chapter 4), and know- how (chapter 5). This survey sets the stage for unpacking the legal order that sustains global capitalism in the absence of a global state or a global legal system (chapter 6) and for exploring the rise of the global legal profession, the masters of the code (chapter 7). While law has been the foremost coding technique for the past several centuries, it is no longer the only contender for claims across time and space; the digital code has become a close competitor. However, as I will argue in chapter 8, its greatest powers will likely come not from offering an alternative to the legal code, but from using the legal code as a shield to protect private gains.
The questions of access to and the distribution of legal coding powers will be raised throughout the book, but they are taken up more fully in the book’s final chapter, entitled “Capital Rules by Law.” There I will argue that the coding of capital occurs typically in a much more decentralized fashion than Marxists would have it. Asset holders do not need to capture the state directly, much less win class struggles or revolutions; all they need is the right lawyers on their side who code their assets in law. This highly fragmented way of deciding how wealth is distributed in society raises fundamental political and normative questions. After all, law is the predominant means by which democracies govern themselves; yet the law they furnish is used by private parties, the holders of capital assets and their lawyers, to advance their private interests. As the code of capital has become portable, it has taken over the space that was once occupied by the invisible hand. The creeping erosion of the legitimacy of states and their laws in the face of growing inequality is a direct result of this structural bias that is rooted in the legal code of capital. The increasing threat to law’s legitimacy may turn out to be capital’s greatest threat yet.","- Major themes of the book:
  - Capital is coded in law, particularly in private law institutions:
    - Property law
    - Collateral law
    - Trust law
    - Corporate law
    - Bankruptcy law
    - Contract law
  - Legal modules bestow critical attributes on select assets, providing:
    - Comparative advantage in wealth creation and protection
    - Priority and durability
    - Convertibility into cash or legal tender
    - Enforcement against the world, achieving universality
  - States back and enforce the legal code of capital, regardless of their involvement in coding strategies.
  
- Shift in perspective:
  - Capital is made, not merely a product of superior skills.
  - Focus on:
    - Processes for legal coding of assets
    - States endorsing legal modules and enforcing them
  - Decentralized and increasingly global process:
    - Private attorneys handle most work for clients.
    - States provide legal systems as options for private parties.
  - Result: Many polities lose control over wealth creation and distribution.

- Upcoming chapters will illustrate:
  - Different asset classes coded as capital:
    - Land (Chapter 2)
    - Firms (Chapter 3)
    - Debt (Chapter 4)
    - Know-how (Chapter 5)
  - Examination of the legal order sustaining global capitalism (Chapter 6).
  - Exploration of the rise of the global legal profession (Chapter 7).
  
- Law as a coding technique:
  - Historically predominant, now facing competition from digital code.
  - Digital code's power may come from using legal code as a shield for private gains (Chapter 8).

- Access to and distribution of legal coding powers:
  - Discussed throughout the book, especially in the final chapter, “Capital Rules by Law.”
  - Argument: Coding of capital is decentralized, contrary to Marxist views.
    - Asset holders need competent lawyers, not direct state capture or revolutions.
  
- Political and normative implications:
  - Law governs democracies but is used by capital holders and lawyers for private interests.
  - Portable code of capital replaces the invisible hand.
  - Erosion of state legitimacy and laws due to growing inequality linked to legal code of capital.
  - Potential threat to law's legitimacy may be capital's greatest challenge.","# Major Themes of Capital and Law

This chapter outlines the relationship between capital and legal coding.

## Capital and Legal Institutions
- **Legal Frameworks:** Capital is coded in law, particularly in private law institutions.
- **Key Areas:** Includes property, collateral, trust, corporate, bankruptcy, and contract law.
- **Attributes of Capital:** Coded assets gain priority, durability, and convertibility into cash.
- **Enforcement:** States enforce legal codes of capital, ensuring universality.

*Capital is constructed through legal frameworks that enhance asset value.*

---

## The Process of Legal Coding
- **Decentralized Process:** Capital is made through processes rather than superior skills.
- **Role of States:** States endorse legal modules and enforce them, impacting wealth distribution.
- **Private Attorneys:** Most work is performed by private attorneys on behalf of clients.
- **Loss of Control:** Many polities struggle to control wealth creation and distribution.

*The legal coding of capital is a decentralized process influenced by state endorsement.*

---

## Overview of Asset Classes
- **Chapter Progression:** The book will explore various asset classes:
  - **Chapter 2:** Land
  - **Chapter 3:** Firms
  - **Chapter 4:** Debt
  - **Chapter 5:** Know-how
- **Global Capitalism:** Examines the legal order sustaining global capitalism without a global state.
- **Legal Profession:** Discusses the rise of the global legal profession in Chapter 7.

*The book will illustrate how different asset classes are legally coded as capital.*

---

## The Role of Digital Code
- **Emerging Competitor:** Digital code is becoming a competitor to legal coding.
- **Legal Code as Shield:** Digital code may protect private gains using legal frameworks.

*Digital coding is emerging as a significant factor in the landscape of capital.*

---

## Access to Legal Coding Powers
- **Decentralized Coding:** Capital coding occurs in a decentralized manner, contrary to Marxist views.
- **Role of Lawyers:** Asset holders need effective lawyers rather than state capture.
- **Political Questions:** Raises questions about wealth distribution and the role of law in democracies.
- **Erosion of Legitimacy:** The legitimacy of states is threatened by the structural bias in legal coding.

*The distribution of legal coding powers raises critical political and normative issues.*

---

## Conclusion
- **Capital's Threat to Law:** The erosion of law's legitimacy may pose a significant threat to capital itself.

*The relationship between capital and law is complex and fraught with challenges.*",,
"The findings show that 63.3% of the respondents received direct assistance with urban gardening activities from household members. Although a large number of respondents received support from household members the extent of engagement varied. For instance, in reference to his backyard garden, one respondent explained that ‘when I do not water, my wife waters using all the gray water (bath, shower, bathroom sink and washing machine water) . . . she is part of the garden’ (M18CG≥59). Another female respondent stated that ‘my brother is not a gardener but he helps in other ways [such as] making sure that I catch the gutter water’ (F2HG≥49). Such variations in the level of engagement were voiced repeatedly by the majority of the respondents. Conversely, a minority of respondents (36.7%) who reported not receiving support from household members provided various reasons to account for this. A few opined that they did not desire any disturbances in their gardens and hence preferred to conduct activities as individuals rather than groups. For some individuals, a lack of support in gardening activities from the household members was blamed on limited interest based on the perception that the activity was laborious and time-consuming. Others simply did not have the support, for example, referring to her household garden, one widowed gardener explained that ‘I have got no children in the house so I must do everything [in the garden] on my own’ (F13CG≤60).
However, the findings from the in-depth interviews indicated that despite some members not being directly involved in the garden, interaction was fostered through other indirect means such as the consumption of meals which was usually done as a household unit. For example, one respondent  lightheartedly  indicated  that ‘my  family  is  so  lazy  . . .  they  just  enjoy  the meals’(F9HG≤59). In another case, one female respondent indicated that ‘when I see worms I have never seen before she (the daughter) uses her phone to look for solutions’(F6HG≥59). In this instance, this provided a point of discussion between the mother and daughter.
Focusing on the four community gardeners identified, the in-depth interviews revealed that they did not receive much direct assistance from the household members and thus depended on voluntary assistance in the form of labor from the general community. One gardener reported that help from the community was irregular hence she had to employ three full-time workers to assist her with laborious activities such as planting, weeding and composting her garden project.","- 63.3% of respondents received direct assistance with urban gardening from household members.
- Engagement levels varied among respondents:
  - One respondent mentioned his wife waters the garden using gray water.
  - Another respondent noted her brother helps by ensuring gutter water is caught.
- Variations in engagement were commonly expressed by respondents.
- 36.7% of respondents did not receive support from household members, citing various reasons:
  - Some preferred to garden alone to avoid disturbances.
  - Others perceived gardening as laborious and time-consuming.
  - A widowed gardener stated she must manage her garden alone due to lack of children at home.
- In-depth interviews revealed indirect interactions related to gardening:
  - Meals were consumed as a household unit, fostering interaction.
  - One respondent humorously noted family members enjoy meals without participating in gardening.
  - A daughter assisted her mother by researching solutions for garden issues.
- Four community gardeners reported minimal direct assistance from household members:
  - They relied on voluntary community help, which was irregular.
  - One gardener employed three full-time workers for labor-intensive tasks like planting, weeding, and composting.","# Urban Gardening Support and Engagement

The study explores the dynamics of support in urban gardening among household members.

## Direct Assistance from Household Members
- **Support Received:** 63.3% of respondents received direct assistance with gardening from household members.
- **Engagement Variability:** The extent of engagement varied among respondents.
  - **Example 1:** One respondent noted, “when I do not water, my wife waters using all the gray water” (M18CG≥59).
  - **Example 2:** Another stated, “my brother is not a gardener but he helps in other ways” (F2HG≥49).
- **Lack of Support:** 36.7% reported not receiving support, citing various reasons.
  - **Desire for Independence:** Some preferred to garden alone to avoid disturbances.
  - **Perception of Labor:** Others viewed gardening as laborious and time-consuming.
  - **Personal Circumstances:** A widowed gardener mentioned, “I have got no children in the house so I must do everything on my own” (F13CG≤60).

The majority of respondents experienced varying levels of support, while some preferred to garden independently.

---

## Indirect Support and Family Interaction
- **Indirect Engagement:** Even without direct involvement, family interaction occurred through shared meals.
  - **Example:** One respondent humorously noted, “my family is so lazy . . . they just enjoy the meals” (F9HG≤59).
- **Problem-Solving Together:** A daughter assisted her mother by researching solutions for garden issues using her phone (F6HG≥59).

Indirect support fostered family discussions and connections around gardening activities.

---

## Community Support for Gardeners
- **Community Assistance:** Four community gardeners reported limited direct household support.
- **Voluntary Labor:** They relied on voluntary assistance from the community for gardening tasks.
- **Employment of Workers:** One gardener employed three full-time workers for labor-intensive activities like planting and weeding.

Community support played a crucial role for gardeners lacking household assistance.",,
"The prolific nature of digital communication will, undoubtedly, continue opening doors for research topics and transformed classroom practice. Two key research areas will yield especially notable insight into the development of language skills necessary for participation in digital discourse practices: (a) continued empirical examination of digital discourse and its patterns of evolution in a wide variety of languages and cultures and (b) studies measuring the efficacy of the pedagogical frameworks presented here and elsewhere to determine best practices for classroom integration.
The studies synthesized above serve as catalysts for additional examination of digital discourses in each of the two areas. Relatively new compared to other contexts, our understanding of discursive practices in each of the two digital contexts is limited in terms of topic of analysis and language. Current work focused on the discourse patterns in hashtags and digital games is overwhelmingly focused on English practices with a handful of studies in other languages. Moreover, studies comparing practices across languages are even more sparse. These comparisons, while not categorical or prescriptive, would be especially useful for language learners as they work in contexts that are simultaneously familiar and completely new, as well as come to grips with the multilingual, multicultural realities that these comparisons make more salient. Research in this area could include analyses of • the ways users engage with digital discourses over time; • how those practices shift based on contextual factors (internal and external); • how patterns vary and/or remain similar across, for example, languages; socioeconomic factors, race, and gender; and • systems and approaches for using big data and algorithms to gain insight not feasible through other means of analysis.
This work is fundamental to understanding how language is used and interpreted in digital contexts, as well as informing curriculum design and lesson planning for classroom instruction. Furthermore, even those learners not enrolled in formal classrooms or institutions can begin to explore and develop their own multilingual skills for participating in a variety of digitally mediated environments.
Critical to a deeper understanding of ways in which explicit attention to digital discourse practices can be integrated in traditional language classrooms or other learning contexts is empirical measurement of the instructional means deemed most effective for learning. The work can, and should, evaluate the implementation of a variety of pedagogical models to facilitate learning. Research along this vein could, for example, • compare the learning outcomes and learning processes of two pedagogical models applied in similar contexts; • measure the learning of the same model applied across different learning contexts; • examine the effectiveness, or lack thereof of the pedagogical model, in a variety of languages with notably diverse student populations; • examine teacher perceptions and expertise in digital discourse; and • appraise the impact of teacher training in digital discourse and pedagogical models as related to classroom integration.
The ubiquitous nature of digital communicative practices make them impossible to ignore and, more importantly, representative of linguistic practices that are vital for participation in communities around the world. Regardless of the approach taken, it is essential to understand the ways in which learners can develop the language skills needed to find their own digital voice.","- The prolific nature of digital communication continues to open doors for research topics and transformed classroom practice.
- Two key research areas for language skills in digital discourse:
  - Continued empirical examination of digital discourse and its evolution across various languages and cultures.
  - Studies measuring the efficacy of pedagogical frameworks for classroom integration.
- Current studies serve as catalysts for further examination of digital discourses:
  - Understanding of discursive practices in digital contexts is limited in topic and language.
  - Focus on discourse patterns in hashtags and digital games is primarily in English, with few studies in other languages.
  - Sparse comparisons of practices across languages, which could benefit language learners navigating familiar yet new contexts.
- Potential research analyses could include:
  - User engagement with digital discourses over time.
  - Shifts in practices based on internal and external contextual factors.
  - Variations and similarities in patterns across languages, socioeconomic factors, race, and gender.
  - Systems and approaches using big data and algorithms for insights.
- This research is fundamental for understanding language use in digital contexts and informing curriculum design and lesson planning.
- Learners outside formal classrooms can also explore and develop multilingual skills for digital environments.
- Empirical measurement of effective instructional means is critical for integrating digital discourse practices in traditional classrooms:
  - Evaluate implementation of various pedagogical models for learning.
  - Compare learning outcomes and processes of two models in similar contexts.
  - Measure effectiveness of the same model across different learning contexts.
  - Examine effectiveness of pedagogical models in diverse languages and student populations.
  - Assess teacher perceptions and expertise in digital discourse.
  - Appraise impact of teacher training in digital discourse and pedagogical models on classroom integration.
- The ubiquitous nature of digital communicative practices is vital for participation in global communities.
- Understanding how learners can develop language skills to find their digital voice is essential.","# Digital Communication and Language Skills Development

The evolution of digital communication presents new research opportunities for language skill development.

## Key Research Areas
- **Empirical Examination:** Focus on digital discourse patterns across various languages and cultures.
- **Pedagogical Frameworks:** Studies to determine best practices for classroom integration of digital discourse.
- **Catalysts for Further Research:** Existing studies prompt additional exploration in digital discourse.

*Understanding digital discourse is crucial for effective language education.*

---

## Current Limitations in Research
- **Focus on English:** Most studies on discourse patterns in hashtags and digital games are centered on English.
- **Sparse Comparisons:** Limited research comparing digital discourse practices across different languages.
- **Importance for Language Learners:** Comparisons can aid learners in navigating multilingual and multicultural contexts.

*Expanding research across languages enhances understanding of digital discourse.*

---

## Fundamental Insights for Curriculum Design
- **Language Use in Digital Contexts:** Research informs curriculum design and lesson planning for effective instruction.
- **Multilingual Skill Development:** Learners outside formal education can still develop skills for digital environments.

*Curriculum design must adapt to the realities of digital communication.*

---

## Measuring Instructional Effectiveness
- **Comparative Studies:** Evaluate learning outcomes of different pedagogical models in similar contexts.
- **Contextual Application:** Measure effectiveness of the same model across diverse learning environments.
- **Teacher Perceptions:** Examine teacher expertise in digital discourse and its impact on learning.
- **Training Impact:** Assess the effect of teacher training on classroom integration of digital discourse.

*Effective measurement of pedagogical models is essential for successful learning.*

---

## Conclusion
- **Ubiquity of Digital Practices:** Digital communication is vital for global community participation.
- **Developing Digital Voice:** Understanding how learners can cultivate language skills for digital expression is crucial.

*Learners must be equipped to find their voice in digital spaces.*",,
"Before widespread adoption of the BDI-II as a standard measure of depression, the potential sources of its score variation  should  be  examined.  First,  this  review  has attempted  to  minimize  the  file  drawer  bias  by  including psychometric articles published in journals, monographs, and book chapters. Explicit exclusion criteria were used to  select  high-quality  investigations.  Moreover,  efforts were  made  to  contact  authors  in  the  field  to  obtain primary  psychometric  data  for  the  BDI-II.  Unlike  traditional  experimental  studies,  psychometric  analyses  are more descriptive in nature, with both significant and nonsignificant  studies  being  available.  Therefore,  the  publication bias seems to affect the current review to a lesser degree than in experimental-type research.
The spectrum bias refers to the psychometric phenomenon  of  differential  performance  of  a  test  in  different settings, thus affecting the generalizability of the results. For  example,  the  somatic  factor  can  be  the  dominant dimension in patient samples88 vs. depressive cognition in non-clinical samples. On the other hand, the workup or verification bias arises when respondents with positive (or negative) diagnostic procedure results are preferentially referred   to   receive   verification   by   the   gold-standard procedure,   producing   considerable   distortion   in   test accuracy. To the extent where these types of bias might occur,  the  investigators  should  consider  the  differential performance   of  the   BDI-II   when  interpreting   scores. Future  revisions  should  include  quantitative  analysis  to assess the sources of scale error.
The self-report nature of the BDI can affect its results according  to  social  desirability,  respondent  educational attainment, and the gender effect of the condition.130 The BDI is sometimes criticized for being too transparent to respondents  and  thus  easily  faked  by  those  wishing  to present  themselves  in  a  favorable  or  unfavorable  light. Fortunately,   this  does  not  seem  to  be  a   pervasive problem,  as  the  BDI-II  tended  to  provide  an  accurate index   of   depressive   manifestations   in   voluntary   and anonymous   participants,   with   good   correlation   with measures   of   negative   psychological   states   such   as anxiety or psychological distress. Furthermore, the nontheoretical  approach  of  the  construction  of  the  BDI-II might introduce more problems than solutions for understanding the scale in terms of psychometric and clinical parameters. In summary, despite its robust psychometric characteristics,  as  widely  reported  in  available  studies, the generalizability of the BDI-II is not free of limitations.","- Before widespread adoption of the BDI-II as a standard measure of depression, potential sources of score variation should be examined.
- This review aimed to minimize file drawer bias by including:
  - Psychometric articles published in journals, monographs, and book chapters.
  - High-quality investigations selected through explicit exclusion criteria.
- Efforts were made to contact authors for primary psychometric data for the BDI-II.
- Psychometric analyses are more descriptive, with both significant and nonsignificant studies available.
- Publication bias affects this review to a lesser degree than in experimental-type research.

- Spectrum bias refers to:
  - Differential performance of a test in different settings.
  - Affects generalizability of results (e.g., somatic factor in patient samples vs. depressive cognition in non-clinical samples).

- Workup or verification bias arises when:
  - Respondents with positive/negative diagnostic results are preferentially referred for verification by the gold-standard procedure.
  - This produces distortion in test accuracy.

- Investigators should consider differential performance of the BDI-II when interpreting scores.
- Future revisions should include quantitative analysis to assess sources of scale error.

- The self-report nature of the BDI can be influenced by:
  - Social desirability.
  - Respondent educational attainment.
  - Gender effect of the condition.

- Criticism of the BDI includes:
  - Being too transparent, allowing respondents to fake results.
  - However, the BDI-II tends to provide an accurate index of depressive manifestations in voluntary and anonymous participants.
  - Good correlation with measures of negative psychological states (e.g., anxiety, psychological distress).

- The nontheoretical approach of the BDI-II construction may introduce more problems than solutions for understanding the scale in psychometric and clinical parameters.

- In summary:
  - Despite robust psychometric characteristics, the generalizability of the BDI-II has limitations.","# Examination of BDI-II Score Variation

The BDI-II's score variation sources must be examined before its widespread adoption.

## Minimizing Bias in BDI-II Research
- **File Drawer Bias:** Review includes psychometric articles from journals, monographs, and book chapters.
- **Exclusion Criteria:** High-quality investigations were selected using explicit criteria.
- **Data Collection:** Authors in the field were contacted for primary psychometric data.
- **Publication Bias:** Affects this review less than experimental-type research due to descriptive nature of psychometric analyses.

This section highlights efforts to ensure the quality and comprehensiveness of BDI-II research.

---

## Types of Bias Affecting BDI-II
- **Spectrum Bias:** Differential test performance in different settings affects generalizability.
  - Example: Somatic factor dominates in patient samples vs. depressive cognition in non-clinical samples.
- **Workup Bias:** Preferential referral of respondents with positive/negative results distorts test accuracy.
- **Consideration:** Investigators should account for differential performance when interpreting BDI-II scores.

Understanding these biases is crucial for accurate interpretation of BDI-II results.

---

## Self-Report Limitations of BDI-II
- **Influencing Factors:** Results can be affected by social desirability, educational attainment, and gender.
- **Transparency Criticism:** BDI may be too transparent, allowing manipulation by respondents.
- **Accuracy:** BDI-II generally provides an accurate index of depressive manifestations in anonymous participants.
- **Correlation:** Good correlation with measures of anxiety and psychological distress.
- **Construction Approach:** Nontheoretical construction may complicate understanding of psychometric and clinical parameters.

Despite its strengths, the BDI-II has limitations in generalizability and self-report accuracy.",,
"Information systems are examples of technologies that were largely developed in areas other than agriculture, and have been   adapted   to   farming.   Software   development   and information management systems have improved the ability of  the  farmer  to  manage  complex  agricultural  production systems,  especially  for  record  keeping  and  marketing  of crops.

The   increasing   complexity   in   agricultural   systems requires more attention to management and greater finesse in  the  decision  making  process.  Increased  globalization has expanded competition, requiring producers to improve their   marketing   skills   to   get   the   best   prices   for   their products.  While  some  production  systems  have  become more  vertically  integrated41,  other  producers  have  found ways  to  recapture  income  through  diversification  of  farm enterprises in which the producer maintains control, or an economic interest in, value-added products beyond the farm gate14.  Additionally,  increased  social  and  political  pressures  to  minimize  environmental  impact  have  increased record  keeping  requirements  and  confounded  production choices.
Information   systems   can   help   manage   much   larger amounts   of   information   and   encompass   a   variety   of technologies. Some information technologies include automated  detection  systems,  such  as  remote  sensing,  soil sampling systems, and yield monitors, that allow producers to   gather   physical   information   about   their   production system.   These   rely   on   global   positioning   systems   to spatially   record   physical   attributes.   Other   information systems  are  designed  as  management  tools  for  record-keeping,  and  may  incorporate  a  geographic  information system   for   spatially   recording   physical   and   economic information about the system and help make management decisions. More complex information systems, such as crop models, rely on data about the system and make management  decisions  based  on  predictive  estimates  of  system function.  These  tools  can  be  simple,  requiring  a  minimal amount  of  data  collection  and  computer  technology,  or complex, requiring extensive data collection and computer expertise.  Sophisticated  technologies  that  offer  the  potential   to   improve   crop   management   such   as   precision agriculture50 are  often  facilitated  by  information  technologies.  As  the  technology  has  advanced,  potential  cost benefits   from   implementing   precision   agriculture   have improved51.
The  early  stages  of  the  development  of  information technologies  fit  a  linear  transfer  of  technology  model,  as technology  was  borrowed  from  other  disciplines  such  as computer engineering and adapted to agriculture. Increased intensification  of  farms  and  improvements  in  computer and  engineering  technologies  led  to  the  development  of precision technologies for agriculture50. As the technology progresses, it is evolving into a learning selection model as more  end-users  are  becoming  involved  in  developing  or modifying  existing  tools  to  suit  their  needs.  However, the  complexity  of  the  systems  and  perceived  limited  or negative return on investment have hampered wide-spread adoption52.  The  learning  curve  for  adopting  information technologies  can  often  be  prohibitively  steep,  though  as farmers’  education  levels  increase,  their  use  of  computer technologies increases52,53. Simplicity of a technology and its potential to decrease risk have been identified as prime factors in the adoption of new technology13. The perceived absence of both of these factors is apparently limiting the rapid   adoption   of   information   systems   in   agricultural production.  Adoption  of  technology  is  also  age-related, as  older  farmers  are  less  likely  to  adopt  computers  onfarm53.
The most common information systems used by farmers are computers for financial and production record keeping and   information   gathering   from   the   Internet53.   More complicated  technologies,  such  as  crop  models  and  decision   support   tools,   have   slower   acceptance   rates.   As information  technologies  become  more  user-friendly  and the  user  base  becomes  more  knowledgeable  about  the potential  utility  of  these  technologies,  development  and adoption of information systems into agriculture are likely to increase.

In addition to their greater complexity, decision support tools  rely  on  the  knowledge  of  complex  issues.  Many  of the factors impacting complex systems will not be observed through traditional reductionist research. Rather, the emergent  properties  of  the  system  will  only  be  observed  in  a systems  research  program.  Future  advances  in  the  application   of   information   technologies   to   agriculture   may require a greater emphasis on systems research54,55.
Information    systems    expand    knowledge    exchange through technologies such as the Internet and enhance the breadth  of  expertise  available  for  identifying  problems and  developing  solutions.  Farmers  now  have  access  to more information more quickly  and from a much  broader range  of  sources  than  ever  before.  This  allows  them  to make more  rapid decisions,  such  as when  to  buy and  sell products.   Information   technologies   offer   methods   of integrating  the  disparate  pieces  of  the  production  puzzle for  information  gathering  and  decision  support.  As  the agricultural  system  becomes  more  complex,  this  information will be increasingly important in guiding farmers.","- Information systems are technologies developed outside agriculture, adapted for farming.
- Software development and information management systems enhance farmers' ability to manage complex agricultural production systems.
- Key improvements include:
  - Record keeping
  - Marketing of crops
- Increased complexity in agricultural systems demands:
  - Greater management attention
  - Finesse in decision-making
- Globalization has intensified competition, necessitating:
  - Improved marketing skills for better pricing
- Production systems have diversified:
  - Some have become more vertically integrated
  - Others recapture income through diversification of farm enterprises
- Social and political pressures require:
  - Minimization of environmental impact
  - Increased record-keeping requirements
- Information systems manage larger amounts of data and include various technologies:
  - Automated detection systems (e.g., remote sensing, soil sampling, yield monitors)
  - Geographic information systems for spatially recording physical and economic data
  - Crop models for predictive management decisions
- Technologies range from simple (minimal data collection) to complex (extensive data collection and expertise).
- Precision agriculture, a sophisticated technology, is facilitated by information technologies.
- Early development of information technologies followed a linear transfer model from other disciplines.
- Increased farm intensification and tech improvements led to precision technologies.
- The evolution of technology is shifting towards a learning selection model, with end-users modifying tools.
- Challenges to adoption include:
  - Complexity of systems
  - Perceived limited return on investment
  - Steep learning curve
- Adoption factors:
  - Simplicity of technology
  - Potential to decrease risk
- Age-related adoption trends show older farmers are less likely to use computers.
- Common information systems for farmers:
  - Computers for financial and production record keeping
  - Internet for information gathering
- More complex technologies (e.g., crop models, decision support tools) face slower acceptance.
- User-friendly technologies and knowledgeable users will likely increase adoption.
- Decision support tools require knowledge of complex issues, often not observed through traditional research.
- Future advances may necessitate a focus on systems research.
- Information systems enhance knowledge exchange via the Internet, broadening expertise for problem-solving.
- Farmers can access information quickly from diverse sources, aiding rapid decision-making.
- Information technologies integrate various production elements for effective decision support.","# Information Systems in Agriculture

Information systems enhance agricultural management and decision-making through technology.

## Role of Information Systems
- **Adaptation:** Information systems were developed outside agriculture and adapted for farming.
- **Improvement:** Software development enhances record-keeping and marketing for farmers.
- **Complexity Management:** Increased complexity in agriculture demands better management and decision-making.

---

## Globalization and Market Competition
- **Globalization Impact:** Expanded competition necessitates improved marketing skills for better pricing.
- **Production Systems:** Some systems are more vertically integrated; others diversify for income.
- **Environmental Pressures:** Increased social and political pressures require better record-keeping.

---

## Information Technologies in Agriculture
- **Types of Technologies:** Includes automated detection systems, remote sensing, and yield monitors.
- **Management Tools:** Geographic information systems help in spatially recording data for decision-making.
- **Complex Systems:** Crop models use predictive estimates for management decisions.

---

## Evolution of Information Technologies
- **Development Stages:** Early technologies followed a linear transfer model from other disciplines.
- **Learning Selection Model:** End-users increasingly modify tools to meet their needs.
- **Adoption Challenges:** Complexity and perceived ROI limit widespread adoption; older farmers are less likely to adopt.

---

## Common Information Systems
- **Usage:** Farmers primarily use computers for financial and production record-keeping.
- **Acceptance Rates:** More complex technologies like crop models face slower acceptance.
- **User-Friendliness:** As technologies become easier to use, adoption rates are expected to rise.

---

## Decision Support Tools
- **Complex Knowledge Requirement:** Decision support tools depend on understanding complex issues.
- **Research Needs:** Future advancements may require a focus on systems research for better insights.

---

## Knowledge Exchange and Decision-Making
- **Information Access:** Farmers can access information quickly from diverse sources.
- **Rapid Decision-Making:** Enhanced information allows for quicker decisions on buying and selling.
- **Integration of Information:** Technologies help integrate various production data for better decision support.

---

The integration of information systems in agriculture is crucial for managing complexity and enhancing decision-making.",,
"LIGO research is carried out by the LIGO Scientific Collaboration (LSC), a group of some 950 scientists at universities around the United States, including MIT, and in 15 other countries. The LIGO Observatories are operated by MIT and Caltech. The instruments were first explored as a means to detect gravitational waves in the 1970s by Weiss, who along with Kip Thorne and Ronald Drever from Caltech proposed LIGO in the 1980s.

“This has been 20 years of work, and for some of us, even more,” Evans says. “It’s been a long time working on these detectors, without seeing anything. So it’s a real sea change and an interesting psychological change for the whole collaboration.”
“The project represents a triumph for federally funded research,” says Maria Zuber, vice president for research and E. A. Griswold Professor of Geophysics at MIT. “LIGO is an example of a high-risk, high-return investment in discovery-driven science. In this case the investment was major and sustained over many years, with a successful outcome far from assured. But the scientific payoff is shaping up to be extraordinary. While the discoveries reported here are already magnificent, they represent the tip of the iceberg of what will be learned about fundamental physics and the nature of the universe.”
The LIGO Observatories are due for more upgrades in the near future. Currently, the instruments are performing at one-third of their projected sensitivity. Once they are fully optimized, Shoemaker predicts that scientists will be able to detect gravitational waves emanating “from the edge of the universe.”

“In a few years, when this is fully commissioned, we should be seeing events from a whole variety of objects: black holes, neutron stars, supernova, as well as things we haven’t imagined yet, on the frequency of once a day or once a week, depending on how many surprises are out there.” Shoemaker says. “That’s our dream, and so far we don’t have any reason to know that that’s not true.”
As for this new gravitational signal, Weiss, who first came up with the rudimentary design for LIGO in the 1970s as part of an experimental exercise for one of his MIT courses, sees the tiny detection as a massive payoff.

“This is the first real evidence that we’ve seen now of high-gravitational field strengths: monstrous things like stars, moving at the velocity of light, smashing into each other and making the geometry of space-time turn into some sort of washing machine,” Weiss says. “And this horrendously strong thing made a very tiny effect in our apparatus, a relative motion of 10 to the minus 18 meters between the mirrors in the interferometer arms. It’s sort of unbelievable to think about.”","- LIGO research is conducted by the LIGO Scientific Collaboration (LSC).
- The collaboration consists of approximately 950 scientists from universities in the U.S. and 15 other countries.
- The LIGO Observatories are operated by MIT and Caltech.
- The concept of LIGO was first explored in the 1970s by Weiss.
- Weiss, along with Kip Thorne and Ronald Drever from Caltech, proposed LIGO in the 1980s.
- Evans notes the significance of the 20 years of work on the detectors without initial results.
- Maria Zuber highlights LIGO as a triumph of federally funded research.
- LIGO is described as a high-risk, high-return investment in discovery-driven science.
- The scientific payoff from LIGO is expected to be extraordinary, with discoveries representing just the tip of the iceberg.
- The LIGO Observatories are set for upgrades to enhance sensitivity.
- Currently, the instruments are operating at one-third of their projected sensitivity.
- Once optimized, scientists may detect gravitational waves from the edge of the universe.
- Shoemaker anticipates observing events from various cosmic objects, including black holes and neutron stars, at a frequency of once a day or week.
- Weiss views the recent gravitational signal detection as a significant achievement.
- The detection indicates high-gravitational field strengths from massive celestial events.
- Weiss describes the effect on the apparatus as a relative motion of 10 to the minus 18 meters between mirrors in the interferometer arms.","# LIGO Research and Discoveries

LIGO research is a collaborative effort to detect gravitational waves.

## LIGO Scientific Collaboration
- **Members:** Approximately 950 scientists from universities in the U.S. and 15 other countries.
- **Key Institutions:** Operated by MIT and Caltech.
- **Founders:** Weiss, Kip Thorne, and Ronald Drever proposed LIGO in the 1980s.

The collaboration involves a diverse group of scientists dedicated to groundbreaking research.

---

## Historical Context
- **Initial Exploration:** Gravitational waves were first explored in the 1970s by Weiss.
- **Long-term Effort:** “This has been 20 years of work,” says Evans, highlighting the dedication of the team.

The journey of LIGO has been lengthy and filled with challenges.

---

## Scientific Impact
- **Maria Zuber's Quote:** “LIGO is an example of a high-risk, high-return investment in discovery-driven science.”
- **Investment:** Major and sustained over many years with uncertain outcomes.
- **Future Discoveries:** Current findings are just the beginning of understanding fundamental physics.

LIGO represents a significant achievement in federally funded research.

---

## Future Upgrades and Expectations
- **Current Sensitivity:** Instruments are performing at one-third of their projected sensitivity.
- **Predictions:** Shoemaker anticipates detecting gravitational waves from various cosmic events, potentially daily or weekly.

The future of LIGO holds promise for groundbreaking discoveries in astrophysics.

---

## Recent Discoveries
- **Weiss's Reflection:** The recent detection is the first real evidence of high-gravitational field strengths.
- **Detection Details:** A relative motion of 10 to the minus 18 meters between mirrors in the interferometer arms.

The recent findings mark a monumental step in understanding the universe's dynamics.",,
"LCA has a narrow perspective on functions of agriculture, linked to its product-based approach.

Narrow  perspective  on  functions  of  agriculture.  When  analysing an agricultural system, LCA assesses its environmental impacts by  considering  both  on-site  and  off-site  (associated  with  inputs) resource  use,  pollutant  emissions  and  land  use.  LCA  can  capture resource  use  and  certain  impacts  (Fig.  3),  although  biodiversity losses and toxicity impacts due to pesticide use are rarely included, as  discussed  later  (in  section  ‘Neglected  environmental  issues’). Impacts  are  quantified  using  a  set  of  indicators  and  reported  per unit  of  product  (for  example,  kg  of  milk  or  wheat);  consequently, they  assess  eco-efficiency11.  In  contrast,  the  ecosystem  services framework7  models  an  agricultural  system  differently,  considering the landscape of the entire farm or farming region including its semi-natural  habitats  such  as  hedges,  field  margins,  water  bodies and forests. Ecosystem services are generally expressed per unit area (for  example,  ha  of  land12).  This  framework  considers  the  supply of  a  broad  range  of  services  (Fig.  3)  from  the  agricultural  system: provisioning  (for  example,  crops,  livestock  and  water),  regulating and maintenance (for example, pest control, pollination and climate regulation)  and  cultural  (for  example,  recreation  and  education), as  well  as  regulating  and  maintenance  services  supplied  by  other ecosystems  to  the  agricultural  system.  However,  environmental impacts  associated  with  inputs  used  in  the  agricultural  system  are not considered.
The frameworks of LCA and ecosystem services assessment differ  greatly  in  how  they  consider  land.  In  LCA,  land  is  an  elementary  resource  flow  modelled  in  the  same  way  as  fossil  energy  and ore resources3, while in ecosystem services assessment, it is part of the agricultural system, as land is the basis for essential ecosystem functions, many of which are inextricably intertwined with the soil and its functions. Furthermore, LCA considers only the provision of biomass (for example, crops and animals) from the agricultural system. With this narrow focus, LCA faces obvious problems when assessing  multifunctional  agricultural  systems,  such  as  organic agriculture, and other food systems developed within the concept of  agroecology.  In  the  scientific  literature,  there  have  been  many attempts to set out principles of agroecology, and a UN expert panel has  recently  suggested  a  comprehensive  set  of  13  agroecological principles. These are organized around three operational principles for sustainable food systems: (1) improve resource efficiency (recycling;  and  input  reduction);  (2)  strengthen  resilience  (soil  health; animal  health  and  welfare;  biodiversity;  synergy;  and  economic diversification);  and  (3)  secure  social  equity/responsibility  (cocreation  of  knowledge;  social  values  and  diets;  fairness;  connectivity;  land  and  natural  resource  governance;  and  participation)9. Current LCA methods assess the two resource efficiency principles sufficiently  but  inadequately  consider  many  of  the  agroecological principles  designed  to  strengthen  the  resilience  of  food  systems. This  further  illustrates  the  limited  perspective  that  LCA  provides on food systems.
Product-based  approach.  There  is  a  large  consensus  that  organic agriculture has lower environmental impacts per unit of land occupied than conventional agriculture13,14. If a farming region shifts to organic  agriculture,  its  environmental  impacts  will  decrease  (for example,  biodiversity  will  increase),  and  pesticide  contamination of  soil,  water,  air  and  food  will  largely  cease2.  Thus,  government policies  often  favour  a  shift  from  conventional  to  organic  agriculture.  From  an  LCA  viewpoint,  however,  organic  agriculture  is  not an  obvious  answer  to  environmental  problems  of  conventional agriculture,  because  LCA  defines  the  function  of  the  studied  system using a ‘functional unit’, which should be a precise measure of what the system delivers. Because LCAs express impacts per unit of product by default, they typically identify the solutions that reduce emissions per unit of product as being the best for production systems.  Although  organic  agriculture  generally  emits  less  pollutants per  unit  of  land  occupied  than  conventional  agriculture  (an  area-based  approach),  it  may  have  higher  impacts  per  unit  of  product (for example, land occupation, eutrophication and acidification)13,14, due  to  its  lower  yields  per  unit  area.  Thus,  focusing  solely  on impacts  per  unit  of  product  may  well  result  in  decisions  in  favour of conventional agriculture that may increase pollutant emissions in the farming region.
Furthermore,  many  consumers  perceive  organic  food  to  be  of higher  quality  in  terms  of  nutritional  quality,  pesticide  residues and  ethics,  such  as  animal  welfare15.  Studies  confirm  the  better nutritional  quality  of  organic  products16  and  positive  effects  on pesticide  residues  in  urine17  and  animal  welfare18.  By  expressing impacts  per  unit  of  product,  however,  LCA  studies  comparing organic  and  conventional  food  rarely  consider  product  quality, ignoring  key  qualitative  aspects  that  are  recognized  in  the  principles of organic agriculture.","- LCA has a narrow perspective on the functions of agriculture, linked to its product-based approach.
- Narrow perspective on functions of agriculture:
  - Analyzes environmental impacts by considering:
    - On-site and off-site resource use
    - Pollutant emissions
    - Land use
  - Captures resource use and certain impacts, but:
    - Rarely includes biodiversity losses and toxicity impacts from pesticide use
  - Impacts quantified using indicators and reported per unit of product (e.g., kg of milk or wheat)
  - Assesses eco-efficiency
- Ecosystem services framework models agricultural systems differently:
  - Considers the entire farm landscape, including semi-natural habitats (e.g., hedges, field margins, water bodies, forests)
  - Expresses ecosystem services per unit area (e.g., ha of land)
  - Considers a broad range of services:
    - Provisioning (e.g., crops, livestock, water)
    - Regulating and maintenance (e.g., pest control, pollination, climate regulation)
    - Cultural (e.g., recreation, education)
  - Does not consider environmental impacts associated with inputs used in agriculture
- Differences in land consideration:
  - LCA treats land as an elementary resource flow, similar to fossil energy and ore resources
  - Ecosystem services assessment views land as part of the agricultural system, essential for ecosystem functions
- LCA's narrow focus on biomass provision (e.g., crops and animals) leads to challenges in assessing multifunctional agricultural systems (e.g., organic agriculture, agroecology)
- Agroecological principles suggested by a UN expert panel:
  - Improve resource efficiency (recycling, input reduction)
  - Strengthen resilience (soil health, animal health and welfare, biodiversity, synergy, economic diversification)
  - Secure social equity/responsibility (cocreation of knowledge, social values and diets, fairness, connectivity, governance, participation)
- Current LCA methods:
  - Assess resource efficiency principles adequately
  - Inadequately consider many agroecological principles for strengthening resilience
- Product-based approach:
  - Consensus that organic agriculture has lower environmental impacts per unit of land than conventional agriculture
  - Shift to organic agriculture leads to decreased environmental impacts (e.g., increased biodiversity, reduced pesticide contamination)
  - Government policies often favor organic agriculture
- LCA viewpoint on organic agriculture:
  - Not an obvious solution to environmental problems of conventional agriculture
  - Defines function using a ‘functional unit’ that measures system delivery
  - Impacts expressed per unit of product may favor conventional agriculture due to higher impacts per unit of product from organic agriculture (e.g., land occupation, eutrophication, acidification)
- Consumer perceptions of organic food:
  - Viewed as higher quality in nutritional value, pesticide residues, and ethics (e.g., animal welfare)
  - Studies confirm better nutritional quality and positive effects on pesticide residues and animal welfare
  - LCA studies comparing organic and conventional food often ignore product quality, missing key qualitative aspects recognized in organic agriculture principles.","# Limitations of Life Cycle Assessment in Agriculture

Life Cycle Assessment (LCA) has a narrow perspective on agricultural functions, focusing primarily on product-based impacts.

## Narrow Perspective on Agricultural Functions
- **Assessment Focus:** LCA evaluates environmental impacts through on-site and off-site resource use, emissions, and land use.
- **Neglected Issues:** Biodiversity losses and pesticide toxicity impacts are often excluded from LCA evaluations.
- **Impact Measurement:** Impacts are quantified per product unit (e.g., kg of milk or wheat), assessing eco-efficiency.
- **Ecosystem Services Framework:** This alternative approach considers the entire farm landscape, including semi-natural habitats.
  - **Service Types:** Provisioning (crops, livestock), regulating (pest control, pollination), and cultural (recreation, education).
- **Land Consideration:** LCA treats land as a resource flow, while ecosystem services view it as integral to ecosystem functions.
- **Multifunctionality Issues:** LCA struggles to assess multifunctional systems like organic agriculture and agroecology.
- **Agroecological Principles:** A UN panel proposed 13 principles for sustainable food systems, focusing on resource efficiency, resilience, and social equity.
- **Current LCA Limitations:** While it addresses resource efficiency, it inadequately considers resilience principles.

---

## Product-Based Approach
- **Organic vs. Conventional Agriculture:** Organic farming generally has lower environmental impacts per land unit.
- **Environmental Benefits:** Shifting to organic agriculture can enhance biodiversity and reduce pesticide contamination.
- **LCA Perspective:** LCA defines system functions using a 'functional unit,' often favoring emissions reductions per product unit.
- **Yield Considerations:** Organic agriculture may have higher impacts per product unit due to lower yields, despite being better for land.
- **Consumer Perceptions:** Many consumers view organic food as higher quality regarding nutrition, pesticide residues, and ethics.
- **Quality Ignored in LCA:** LCA studies often overlook product quality when comparing organic and conventional foods.

---

LCA's narrow focus limits its effectiveness in evaluating the broader environmental and social impacts of agricultural systems.",,
"I teach kindergarten in a rural, high-poverty school in North Carolina that has a diverse student population, including children who speak a language other than English at home and whose parents (and often other family members) are migrant workers, often coming from Mexico. Most of my DLL students live in homes where Spanish is the primary language; some children are learning both Spanish and a dialect of Mixtec at home, but these students communicate in Spanish (and in their emergent English) in the classroom. Many of our migrant families return to the area year after year during spring and early summer. These families travel up and down the East Coast, as well as to areas such as Michigan, to work in agriculture.



 I serve as a North Carolina Kindergarten Demonstration classroom teacher, which means my role extends beyond the classroom. The NC Pre-K/K Demonstration Program’s guiding mission is to “lead by modeling, sharing, promoting, and articulating effective learning environments, curricula, and instructional practices to ensure optimal learning and development for all children” (Public Schools of North Carolina, n.d.). My classroom is open to teachers and other educators for professional development in the form of full-day guided observations. These guided observations allow visitors to see best practices in action. I provide visitors with ongoing support as we all continue to grow and change in our own practice. I also work with other Demonstration teachers to present at local and state conferences.



  Intentional teachers gather data that are needed to guide instruction, ensuring that all children grow and learn.
 

 I often begin the school year with children who speak little to no English. These students struggle on our required early literacy assessment—the previously mentioned assessments that I am required to administer in English, word for word, in September—and are automatically labeled at risk. My colleagues and I are able to use the data from these assessments to help identify students who need more support and interventions in literacy skills. The danger with relying solely on scripted, inflexible assessments is the labeling and grouping of children with a broad stroke. We might target skills based on these test results without fully realizing what our children need. It would be easy for me to group all of these “at risk” children together in the same skill-based intervention group because they all had the same score on the reading assessment that focused on book and print concepts. But for me, the mandated assessment is just the beginning. I dig deeper to find out what I need to know in order to provide opportunities for growth for all of my students. I have learned valuable information by using my own observations and assessments to find the knowledge and skills the children do have. With book and print concept inventories from the works of literacy researcher Marie Clay (1993), along with my own very limited Spanish skills, I try to assess my Spanish-speaking students in their native language as much as possible.


 Our school has been fortunate to have an English as a second language (ESL) teacher who speaks Spanish. She serves all of the emergent bilingual children at our school, K–5. I try to assess what I can using my limited Spanish skills and then use the ESL teacher as a resource to dig deeper, when needed.



  What I find most useful is systematically observing children throughout the day in the natural learning environment.
 

 Administering my own additional assessments confirmed that a number of these children did not, in fact, know any print concepts. They were unfamiliar with holding a book, turning the pages, and using pictures to enhance meaning. It was evident they’d had very limited early literacy experiences, even in their home language. But I also found out that some of these “at risk” students were familiar with book and print concepts. My assessments showed that they understood the difference between the front and back of a book, knew the difference between print and pictures, tracked left to right when looking at the text, and looked closely at the pictures on each page. Some even knew that a period at the end of the sentence signifies a stop. Their at-risk scores on the required assessment were not representative of poor early literacy knowledge and skills, but rather, were indicative of their nascent English language skills. They clearly had engaged in many literacy experiences with their families before entering kindergarten.



 While all of these students had the same results on the mandated assessment, my more nuanced assessments provided valuable information that enabled me to target the children’s very different needs.


 To ensure that I have all necessary information, I begin each school year with informal checklists assessing children’s alphabet and numeral recognition, knowledge of colors and shapes, and rote and object counting abilities. I have found that this is important for all of the children, not just the DLLs. For example, I often have students who speak only English who are not able to count past five or to identify basic colors and shapes. I observe and assess these children frequently in the first weeks and months of kindergarten to see if and to what extent they are making progress. That helps me determine whether their limited knowledge is due to lack of exposure to these concepts—a problem I can address—or whether there are other issues, such as cognitive or developmental delays, that would require additional assessments and supports by specialists.


 One pitfall I have learned to watch out for is not giving to my students who are just starting to learn English the same focus and opportunities that I give to children whose home language is English. I once again gain valuable information by evaluating which DLLs can identify numbers, shapes, and colors in their first language and which children cannot. That way, I can provide these students with the same opportunities for individualized early interventions as their English-only peers and not let them slip through the cracks simply because of their limited English.


 The ESL teacher, Ms. Worley, and I regularly share observations with each other. Her fluent Spanish skills allow her to find out more about our Spanish-speaking students’ strengths and needs in their native language. While she focuses in Spanish and English on building the conceptual knowledge of the DLLs with the most challenges (and on determining whether additional supports are called for), I target English vocabulary with the students who already know basic shapes and colors in their first language.","- Teach kindergarten in a rural, high-poverty school in North Carolina
- Diverse student population, including:
  - Children who speak a language other than English at home
  - Families often involved in migrant work, primarily from Mexico
  - Many students speak Spanish at home; some learn Spanish and Mixtec
- Families return annually during spring and early summer for agricultural work

- Serve as a North Carolina Kindergarten Demonstration classroom teacher
  - Role extends beyond the classroom
  - Mission of NC Pre-K/K Demonstration Program:
    - Model, share, promote, and articulate effective learning environments and practices
  - Classroom open for professional development through guided observations
  - Provide ongoing support for visitors and collaborate with other Demonstration teachers for presentations

- Intentional data gathering to guide instruction for all children
- Begin school year with children who speak little to no English
  - Struggle with early literacy assessments administered in English
  - Automatically labeled at risk
- Use assessment data to identify students needing support in literacy skills
  - Caution against broad labeling and grouping based on test results
  - Conduct deeper assessments to understand individual student needs
  - Utilize book and print concept inventories and limited Spanish skills for assessments

- Collaborate with an ESL teacher who speaks Spanish
  - Serves all emergent bilingual children at the school
  - Use ESL teacher as a resource for deeper assessments

- Systematic observation of children in natural learning environments is crucial
- Additional assessments reveal:
  - Some children unfamiliar with print concepts
  - Others demonstrate understanding of book handling and print awareness
  - At-risk scores reflect nascent English skills, not poor literacy knowledge

- Conduct informal checklists at the start of the school year:
  - Assess alphabet and numeral recognition, colors, shapes, and counting abilities
  - Important for all children, not just DLLs
  - Monitor progress to identify exposure issues or potential developmental delays

- Watch for pitfalls in providing equal focus and opportunities to DLLs
  - Evaluate DLLs' recognition of numbers, shapes, and colors in their first language
  - Ensure individualized early interventions for DLLs similar to English-only peers

- Regularly share observations with the ESL teacher
  - ESL teacher's fluent Spanish skills help identify strengths and needs of Spanish-speaking students
  - Focus on building conceptual knowledge and determining additional support needs
  - Target English vocabulary for students with basic knowledge in their first language","# Supporting Diverse Learners in Kindergarten

Teaching kindergarten in a rural, high-poverty school involves unique challenges and strategies for diverse learners. 

## Student Demographics
- **Location:** Rural, high-poverty school in North Carolina.
- **Diverse Population:** Includes children from migrant families, primarily from Mexico.
- **Language:** Many students speak Spanish at home; some learn Mixtec.
- **Migrant Families:** Return annually during spring and early summer for agricultural work.

*Understanding the student demographics is crucial for tailored instruction.*

---

## Role as a Demonstration Teacher
- **Position:** North Carolina Kindergarten Demonstration classroom teacher.
- **Mission:** Model effective learning environments and instructional practices.
- **Professional Development:** Classroom open for guided observations by educators.
- **Collaboration:** Work with other Demonstration teachers for local and state presentations.

*The role extends beyond teaching to include professional development and collaboration.*

---

## Assessment Practices
- **Initial Assessments:** Begin the year with students who may speak little English.
- **Literacy Assessment:** Required assessments in English label many students as at risk.
- **Data Utilization:** Use assessment data to identify students needing support.
- **Limitations of Assessments:** Caution against broad labeling based on scripted assessments.

*Effective assessment practices are essential for understanding student needs.*

---

## Observational Insights
- **Systematic Observations:** Observe children in natural learning environments.
- **Findings:** Some students labeled at risk have prior literacy experiences.
- **Nuanced Assessments:** Reveal varying levels of print concept knowledge among students.

*Observations provide deeper insights into students' literacy skills beyond initial assessments.*

---

## Informal Checklists
- **Initial Checklists:** Assess alphabet, numeral recognition, colors, shapes, and counting.
- **Importance for All:** Necessary for both DLLs and English-speaking students.
- **Progress Monitoring:** Frequent assessments to track student progress and identify needs.

*Informal assessments help ensure all students receive appropriate support.*

---

## Addressing Equity in Learning Opportunities
- **Focus on DLLs:** Ensure equal opportunities for students learning English.
- **Identifying Skills:** Evaluate DLLs' knowledge in their first language.
- **Individualized Interventions:** Provide tailored support to DLLs similar to English-speaking peers.

*Equitable learning opportunities are vital for all students' success.*

---

## Collaboration with ESL Teacher
- **Partnership:** Regularly share observations with ESL teacher, Ms. Worley.
- **Language Support:** Ms. Worley uses fluent Spanish to assess students' needs.
- **Targeted Instruction:** Focus on building conceptual knowledge and English vocabulary.

*Collaboration enhances the support provided to diverse learners.*",,
"Robo-advisers, like all registered investment advisers, are subject to the substantive and fiduciary obligations of the Advisers Act.8 Because robo-advisers rely on algorithms, provide advisory services over the internet, and may offer limited, if any, direct human interaction to their clients, their unique business models may raise certain considerations when seeking to comply with the Advisers Act. This guidance focuses on three distinct areas identified by the Staff, listed below, and provides suggestions on how robo-advisers may address them:
1.  The substance and presentation of disclosures to clients about the robo-adviser and the investment advisory services it offers; 2.  The obligation to obtain information from clients to support the robo-adviser’s duty to provide suitable advice; and 3.  The adoption and implementation of effective compliance programs reasonably designed to address particular concerns relevant to providing automated advice.
While this guidance focuses on the obligations of robo-advisers under the Advisers Act, robo-advisers should consider whether the organization and operation of their programs raise any issues under the other federal securities laws, including the Investment Company Act of 1940 (the “Investment Company Act”), and in particular Rule 3a-4 under that Act.9 To the extent that a robo-adviser believes that its organization and operation raise unique facts or circumstances not addressed by Rule 3a-4, such adviser may wish to consider contacting the Staff for further guidance.","- Robo-advisers are subject to the substantive and fiduciary obligations of the Advisers Act.
- They rely on algorithms and provide advisory services over the internet.
- Limited direct human interaction may raise compliance considerations.
- Guidance focuses on three distinct areas:
  1. Substance and presentation of disclosures to clients about the robo-adviser and its services.
  2. Obligation to obtain information from clients to provide suitable advice.
  3. Adoption and implementation of effective compliance programs for automated advice.
- Robo-advisers should also consider implications under other federal securities laws, including:
  - The Investment Company Act of 1940.
  - Rule 3a-4 under the Investment Company Act.
- If unique facts or circumstances arise, robo-advisers may contact the Staff for further guidance.","# Guidance for Robo-Advisers Under the Advisers Act

Robo-advisers must comply with fiduciary obligations while addressing unique business model considerations.

## Disclosure Obligations
- **Disclosures:** Robo-advisers must clearly present information about their services.
- **Client Information:** They are obligated to obtain relevant client information for suitable advice.
- **Compliance Programs:** Effective compliance programs should be implemented to address automated advice concerns.

*Robo-advisers need to ensure transparency and compliance in their operations.*

---

## Considerations Under Other Laws
- **Investment Company Act:** Robo-advisers should assess compliance with the Investment Company Act of 1940.
- **Rule 3a-4:** Unique circumstances not covered by Rule 3a-4 may require further guidance from the Staff.

*Robo-advisers must be aware of additional regulatory obligations beyond the Advisers Act.*",,
"These laws have inspired  many other science fiction writers and have also informed debates about the ethics of artificial intelligence. But compliance with simple, binary laws do not replicate the human conscience, nor do they work in practice.

The most obvious problem with these laws is illustrated by the Trolley Problem, a thought experiment in ethics. A runway trolley is hurtling towards a group of five people tied to the track, but you have the opportunity to pull a lever to send the trolley down another track where only one person is tied. Do you do nothing and allow five people to die? Or do you pull the lever, divert the trolley and in effect, kill the one person? If you’re a robot or a piece of software, whatever you do or don’t do, you’ll violate the First Law.

In experiments with humans there are many nuances in our responses to this dilemma, but overall most people choose to sacrifice one life for the many. However, if they are told that the group of five are strangers and the single person is their best friend, what do you think they will do then?
Over the last few weeks, months and years we’ve read about people being killed or  harmed  as a  result of software written by humans. A study at MIT has estimated that as a result  of  software  written  by Volkswagen to cheat emissions tests, 1,200 people in Europe will die prematurely. Over the last few months, two Boeing 737 MAX 8airliners have crashed killing a total of 346 people on board. It  is alleged that  software problems were initially suspected after the first Lion Air crash in  2018, but was enough done to fix it? And just last week, Microsoft was accused of working with the Chinese military to develop “disturbing” face recognition AI for China’s surveillance  network,  with  the  potential  for human rights abuses.
Today, robots do not have what we call “moral agency”, meaning they do not have a sense of right and wrong or to be held accountable for their actions. Unless we  can create robots who have  consciousness and the ability to feel and understand emotions, then robots will never have a moral conscience. But if we do succeed, then do we then have the right to tell them what is right or wrong and if they disagree, do we have the right to throw a switch  and kill them?

And for those business leaders who have decided to invest billions in artificial intelligence, have you considered how much and where you should still be investing in human cognition and conscience so that we do not lose our own sense of moral agency?","- Laws inspired many science fiction writers and informed debates on AI ethics.
- Compliance with binary laws does not replicate human conscience or work in practice.
- The Trolley Problem illustrates the limitations of these laws:
  - A runaway trolley threatens five people on the track.
  - You can pull a lever to divert it to another track with one person.
  - Choices:
    - Do nothing and allow five to die.
    - Pull the lever and kill one to save five.
- Robots or software will violate the First Law regardless of the choice made.
- Human responses to the dilemma are nuanced:
  - Most choose to sacrifice one for many.
  - If the single person is a best friend, choices may change.
- Recent incidents highlight the consequences of software decisions:
  - MIT study: Volkswagen's software may lead to 1,200 premature deaths in Europe.
  - Two Boeing 737 MAX 8 crashes resulted in 346 deaths, linked to software issues.
  - Microsoft accused of collaborating with the Chinese military on face recognition AI, raising human rights concerns.
- Robots lack ""moral agency"":
  - No sense of right and wrong or accountability for actions.
  - Consciousness and emotional understanding are necessary for moral conscience.
- Ethical questions arise if robots gain consciousness:
  - Do we have the right to dictate their morality?
  - What if they disagree?
- Business leaders investing in AI should also consider investing in human cognition and conscience to maintain moral agency.","# The Ethics of Artificial Intelligence and Moral Agency

Artificial intelligence raises complex ethical questions that challenge our understanding of morality.

## The Influence of Laws on AI Ethics
- **Inspiration:** Laws have inspired many science fiction writers and informed debates on AI ethics.
- **Limitations:** Simple, binary laws do not replicate human conscience or work effectively in practice.
- **Trolley Problem:** A thought experiment illustrating ethical dilemmas faced by AI.

*These laws highlight the complexities of moral decision-making in AI.*

---

## The Trolley Problem Explained
- **Scenario:** A runaway trolley threatens five people on the track; pulling a lever diverts it to one person.
- **Human Response:** Most people choose to sacrifice one life for the many, but personal connections can alter decisions.
- **Nuances:** Responses vary based on relationships, complicating ethical choices.

*The Trolley Problem illustrates the challenges of programming morality into AI.*

---

## Real-World Implications of AI Decisions
- **Volkswagen Emissions Scandal:** MIT study estimates 1,200 premature deaths in Europe due to software cheating emissions tests.
- **Boeing 737 MAX Crashes:** Two crashes resulted in 346 deaths, with software issues suspected.
- **Microsoft's AI Development:** Allegations of collaboration with the Chinese military for surveillance AI raise human rights concerns.

*Real-world consequences of AI decisions underscore the need for ethical considerations.*

---

## The Concept of Moral Agency in Robots
- **Current State:** Robots lack moral agency, meaning they cannot discern right from wrong or be held accountable.
- **Future Possibilities:** If robots gain consciousness and emotional understanding, ethical dilemmas arise about their rights.
- **Investment Considerations:** Business leaders must balance investments in AI with the importance of human cognition and conscience.

*The future of AI ethics hinges on the development of moral agency in machines.*",,
"The  CAPS  was  used  to  assess  PTSD  symptoms  at  baseline  and in response to treatment. The CAPS is a psychometrically sound measure  that  assesses  presence  and  severity  of  PTSD  (both lifetime  and  current  PTSD)  and  can  be  used  to  assess  changes in  PTSD  symptoms  with  treatment  (115).  The  CAPS  includes indices measuring reexperiencing, avoidance and numbing, and hyperarousal  symptoms.  The  CAPS  has  a  coefficient  alpha  of 0.94,  test–retest  reliability  of  0.9–0.98,  a  sensitivity  of  0.91,  and specificity  of  0.86  for  diagnosis  of  PTSD,  and  good  convergent and divergent validity (115, 116).
Mindfulness  was  assessed  with  the  Five  Factor  Mindfulness Questionnaire  (FFMQ),  a  validated  measure  of  the  capacity  for mindfulness  (118).  This  instrument  was  derived  from  a  factor analysis of questionnaires measuring a trait-like general tendency to  be  mindful  in  daily  life.  It  consists  of  39  items  assessing  five facets of mindfulness: observing, describing, acting with awareness,  non-judging  of  inner  experience,  and  non-reactivity  to inner experience. Items are rated on a Likert scale ranging from 1 (never or very rarely true) to 5 (very often or always true). The FFMQ  has  been  shown  to  have  good  internal  consistency  and significant relationships in the predicted directions with a variety of constructs related to mindfulness (118, 119).
Mindful   spirituality   was   assessed   with   the   Functional Assessment   of   Chronic   Illness   Therapy-Spiritual   Well-Being Scale  (FACIT-Sp),  a  valid  and  reliable  12-item  scale  designed to  measure  spiritual  well-being  independent  of  religious  beliefs (120). It has been adapted for use with non-medical populations and comprises two subscales: Meaning and Peace (8 items) and Faith (4 items) (121). The FACIT-Sp (120) is part of the FACIT battery (122) to assess QOL associated with chronic illness.","- The CAPS was used to assess PTSD symptoms:
  - At baseline and in response to treatment
  - Psychometrically sound measure
  - Assesses presence and severity of PTSD (lifetime and current)
  - Can assess changes in PTSD symptoms with treatment
  - Includes indices measuring:
    - Reexperiencing
    - Avoidance and numbing
    - Hyperarousal symptoms
  - Coefficient alpha: 0.94
  - Test–retest reliability: 0.9–0.98
  - Sensitivity: 0.91
  - Specificity: 0.86 for PTSD diagnosis
  - Good convergent and divergent validity

- Mindfulness was assessed with the Five Factor Mindfulness Questionnaire (FFMQ):
  - Validated measure of mindfulness capacity
  - Derived from factor analysis of questionnaires
  - Consists of 39 items assessing five facets of mindfulness:
    - Observing
    - Describing
    - Acting with awareness
    - Non-judging of inner experience
    - Non-reactivity to inner experience
  - Items rated on a Likert scale (1 to 5)
  - Good internal consistency
  - Significant relationships with various constructs related to mindfulness

- Mindful spirituality was assessed with the Functional Assessment of Chronic Illness Therapy-Spiritual Well-Being Scale (FACIT-Sp):
  - Valid and reliable 12-item scale
  - Measures spiritual well-being independent of religious beliefs
  - Adapted for non-medical populations
  - Comprises two subscales:
    - Meaning and Peace (8 items)
    - Faith (4 items)
  - Part of the FACIT battery to assess QOL associated with chronic illness","# Assessment Tools for PTSD and Mindfulness

The text discusses various assessment tools used for PTSD symptoms and mindfulness.

## CAPS for PTSD Assessment
- **Purpose:** Assesses PTSD symptoms at baseline and in response to treatment.
- **Measure:** Evaluates presence and severity of both lifetime and current PTSD.
- **Indices:** Measures reexperiencing, avoidance and numbing, and hyperarousal symptoms.
- **Reliability:** Coefficient alpha of 0.94; test–retest reliability of 0.9–0.98.
- **Validity:** Sensitivity of 0.91; specificity of 0.86 for PTSD diagnosis; good convergent and divergent validity.
- **References:** Supported by studies (115, 116).

*The CAPS is a reliable tool for assessing PTSD symptoms and their changes over time.*

---

## Five Factor Mindfulness Questionnaire (FFMQ)
- **Purpose:** Assesses capacity for mindfulness.
- **Development:** Derived from factor analysis of mindfulness-related questionnaires.
- **Structure:** Consists of 39 items measuring five facets: 
  - Observing
  - Describing
  - Acting with awareness
  - Non-judging of inner experience
  - Non-reactivity to inner experience
- **Rating Scale:** Likert scale from 1 (never) to 5 (always).
- **Reliability:** Good internal consistency; significant relationships with mindfulness-related constructs.

*The FFMQ effectively measures various aspects of mindfulness in daily life.*

---

## Functional Assessment of Chronic Illness Therapy-Spiritual Well-Being Scale (FACIT-Sp)
- **Purpose:** Measures spiritual well-being independent of religious beliefs.
- **Structure:** A 12-item scale with two subscales:
  - Meaning and Peace (8 items)
  - Faith (4 items)
- **Adaptation:** Validated for non-medical populations.
- **Relation to QOL:** Part of the FACIT battery to assess quality of life associated with chronic illness.

*The FACIT-Sp provides insights into spiritual well-being, enhancing understanding of quality of life.*",,
"At the near-forest site, biochar produced from ground-clean and chipped-medium feedstocks with the BSI system performed better considering the net reduction in GW impact. Figure 7 shows the comparative analysis of biochar produced from ground-clean and chipped-medium feedstocks with both BSI systems between near-forest and in-town sites considering different sources of power. Overall, in-town locations had higher GW impact (or lower net GW impact) compared with near-forest locations, irrespective of feedstocks type and sources of power [8–162% for ground-clean feedstocks and 6–99% for chipped-medium feedstocks].
In-town sites provide access to grid electricity for the production of biochar. Grid electricity in the production of biochar had less environmental impacts (30–50% lower GW) compared with the diesel generator scenario. For example, the total GW impact in the production of biochar by transporting pulpwood to the in-town locations (and using the grid electricity as a power source) was much lower (~ 33–47%) than the total GW impact of biochar produced at the near-forest locations using a diesel generator. However, these benefits were reduced for ground forest residues compared with pulpwood chips, but using a power pallet to generate electricity to operate the BSI system was always the best option (the lowest net GW impact) to produce biochar irrespective of feedstocks and locations. As expected, the GW impact of biochar increased when the raw material, i.e., forest residues was transported farther, four instead of 2 h from the landing.
It appears that the use of grid electricity to produce biochar at the in-town site had a little benefit over the use of a gasifier-based generator. Compared with the diesel generator, the use of grid electricity lowered the GHG emissions for biochar produced at in-town sites irrespective of feedstocks transport distances (both the 2 and 4-h haul distances). With the increase in transportation distance of forest residues, the total GHG emissions of biochar production increased and resulted in the reduced net GW impact reduction potential of biochar when applied to the soil. Thus, the distance from the forest to the biochar production site can have a substantial impact on the overall supply chain decision, but the carbon storage in biochar was many times higher than the GHG emissions emitted during biochar production including transportation and logistics. Despite the increase in the GW impact due to the transportation of feedstocks from forest to in-town locations, there was a net reduction in the GW impact of − (1,189 − 2,017) kgCO2eq/t of biochar irrespective of power sources, storing 2 to 2-9 times GHG emission than what was emitted to produce biochar.
Compared with a near-forest site, biochar produced at in-town (2-h and 4-h from the forest) sites both have higher annualized cost and MSPs. Despite increased (60–150%) feedstocks transportation cost for in-town locations, the increase in MSPs is negligible (1–7%) as the feedstocks logistics cost was only 3–10% of total annualized biochar production cost (Fig. 8). The cost of grid power at the in-town location was higher than the cost of power production with power pallet but lower than the diesel genset. As the costliest components were capital and labor, the influence of locations for the BSI system was not a notable factor. If the biochar users are located in-town, an additional transport cost of biochar from near-forest locations to in-town might influence the MSP of biochar produced at a near-forest location, which is discussed later in this article.","- Biochar produced from ground-clean and chipped-medium feedstocks with the BSI system showed better net reduction in GW impact at near-forest sites.
- Comparative analysis (Figure 7) indicates:
  - In-town locations had higher GW impact compared to near-forest locations.
  - Ground-clean feedstocks: 8–162% higher GW impact.
  - Chipped-medium feedstocks: 6–99% higher GW impact.
- In-town sites have access to grid electricity for biochar production:
  - Grid electricity results in 30–50% lower GW impact compared to diesel generators.
  - Total GW impact for biochar production using grid electricity at in-town locations is 33–47% lower than at near-forest locations using diesel.
- Benefits of grid electricity are reduced for ground forest residues compared to pulpwood chips.
- Power pallet usage for electricity generation consistently results in the lowest net GW impact for biochar production, regardless of feedstocks and locations.
- GW impact increases with transportation distance of raw materials (e.g., forest residues transported 4 hours instead of 2).
- Grid electricity offers minimal benefits over gasifier-based generators for biochar production at in-town sites.
- GHG emissions for biochar production decrease with grid electricity compared to diesel, regardless of transport distances (2 and 4 hours).
- Increased transportation distance leads to higher total GHG emissions and reduced net GW impact potential when applied to soil.
- Carbon storage in biochar significantly exceeds GHG emissions from production, including transportation.
- Despite transportation increases, there is a net reduction in GW impact of − (1,189 − 2,017) kgCO2eq/t of biochar.
- Biochar produced at in-town sites incurs higher annualized costs and MSPs compared to near-forest sites.
- Transportation costs for feedstocks at in-town locations increased by 60–150%, but MSPs only increased by 1–7%.
- Feedstocks logistics cost constitutes 3–10% of total annualized biochar production cost.
- Grid power costs at in-town locations are higher than power pallet production but lower than diesel genset costs.
- Capital and labor are the most significant cost components, making location influence on BSI system less notable.
- Additional transport costs from near-forest to in-town locations may affect MSP of biochar produced at near-forest sites.","# Biochar Production Impact Analysis

Biochar production from different feedstocks shows varying greenhouse gas (GHG) impacts based on location and power source.

## Comparative Analysis of Biochar Production
- **Location Impact:** In-town sites had higher GHG impact compared to near-forest sites.
- **Feedstock Types:** Ground-clean feedstocks showed a 8–162% higher GHG impact; chipped-medium feedstocks showed 6–99%.
- **Power Sources:** Grid electricity resulted in 30–50% lower GHG emissions than diesel generators.

*The location and feedstock type significantly influence the GHG impact of biochar production.*

---

## Transportation and GHG Emissions
- **Transportation Distance:** GHG emissions increased with longer transportation distances (2h vs. 4h).
- **Electricity Source:** Grid electricity provided minimal benefits over gasifier-based generators.
- **Overall Impact:** Carbon storage in biochar outweighed GHG emissions from production and transport.

*Transportation distance plays a crucial role in the overall GHG emissions of biochar production.*

---

## Cost Analysis of Biochar Production
- **Cost Comparison:** In-town biochar production had higher annualized costs and marginally higher minimum selling prices (MSPs).
- **Transportation Costs:** Feedstock transportation costs increased by 60–150% for in-town locations, but MSPs only increased by 1–7%.
- **Power Costs:** Grid power was more expensive than power pallet production but cheaper than diesel generators.

*Cost factors are influenced by location, but transportation costs have a limited effect on MSPs.*",,
"Characterizing discourse communities in this kind of way leads to a number of consequences.

First, the fact that groups have things in common in no way implies that such groups form discourse communities. For one reason or another, the following fail to qualify: the stockholders of General Motors, The Book of the Month Club, members of political parties, employees of a major organization, patrons of Harry's Bar, guests at this hotel and so forth.
Secondly, sketching the boundaries of discourse communities in ways that have been attempted implies (a) that individuals may belong to several discourse communities and (b) that individuals will vary in the number of discourse communities they belong to and hence in the number of genres they command.  At one extreme there may be a sense of discourse community deprivation - 'Cooped up in the house with the children all day'. At the other extreme, there stands the skilled professional journalist with her chameleon-like ability to assume temporary membership of a wide range of discourse communities.
Third, the criteria I have given do not impose preconditions with regard to at least three features. First, there is no prior expectation of a high level of personal involvement among the members. As we shall see, a discourse community can operate successfully even when the level of personal relationship remains low. Second, a discourse community may or may not be connected to what the members perceive as the central activities and concerns of their lives, activities that are perhaps involved with income, success, family responsibility and so on. Finally, discourse communities will vary in the extent to which they are norm-developed or have their set and settled ways. Some will be extremely conservative (""This is the way we do things here"") while others may be constantly evolving.","- Characterizing discourse communities leads to several consequences:
  - Commonalities among groups do not necessarily indicate they are discourse communities.
    - Examples of groups that do not qualify:
      - Stockholders of General Motors
      - The Book of the Month Club
      - Members of political parties
      - Employees of a major organization
      - Patrons of Harry's Bar
      - Guests at a hotel
  - Boundaries of discourse communities imply:
    - Individuals may belong to multiple discourse communities.
    - The number of discourse communities an individual belongs to can vary.
    - This variation affects the number of genres they command.
      - Example extremes:
        - Discourse community deprivation: ""Cooped up in the house with the children all day.""
        - Skilled professional journalist: Ability to assume temporary membership in various discourse communities.
  - Criteria for discourse communities do not impose preconditions regarding:
    - Level of personal involvement among members:
      - A discourse community can function with low personal relationships.
    - Connection to members' perceived central activities and concerns:
      - Activities may relate to income, success, family responsibility, etc.
    - Extent of norm development:
      - Some communities are conservative (""This is the way we do things here"").
      - Others may be constantly evolving.","# Discourse Communities and Their Characteristics

Characterizing discourse communities reveals important distinctions and implications.

## Commonality vs. Discourse Communities
- **Misconception:** Common interests do not equate to discourse communities.
- **Examples of Non-Communities:** 
  - Stockholders of General Motors
  - The Book of the Month Club
  - Political party members
  - Employees of a major organization
  - Patrons of Harry's Bar
  - Hotel guests
- Discourse communities require more than shared interests. 

---

## Membership and Variation
- **Membership:** Individuals can belong to multiple discourse communities.
- **Variation in Membership:** 
  - Individuals may vary in the number of communities they engage with.
  - Example of deprivation: ""Cooped up in the house with the children all day.""
  - Example of diversity: Skilled professional journalists adapt to various communities.
- Membership can influence the genres individuals command.

---

## Criteria for Discourse Communities
- **Personal Involvement:** No high level of personal involvement is necessary for success.
- **Connection to Life Activities:** Communities may not relate to members' central life concerns (e.g., income, success).
- **Norm Development:** 
  - Communities can be conservative (""This is the way we do things here"") or evolving.
- The nature of discourse communities is diverse and adaptable.

---

The characteristics of discourse communities highlight their complexity and the varied experiences of their members.",,
"31 Mar 2020
                   French media and communications group Vivendi has reaffirmed its position as a shareholder of Telecom Italia (TIM) following the decision last week by US activist fund Elliott Management to reduce its own stake in the telco from 9.72% to 6.97%. Reuters cites a spokesperson for the French firm as saying: ‘In light of recent events and Elliott’s stake reduction, Vivendi confirms its own commitment to Telecom Italia as a long-term industrial investor.’ TeleGeography’s GlobalComms Database notes that Vivendi has a majority holding in TIM of around 24%.","- Date: 31 Mar 2020
- Vivendi, a French media and communications group, reaffirms its position as a shareholder of Telecom Italia (TIM).
- This follows Elliott Management's decision to reduce its stake in TIM from 9.72% to 6.97%.
- A spokesperson for Vivendi stated: 
  - ""In light of recent events and Elliott’s stake reduction, Vivendi confirms its own commitment to Telecom Italia as a long-term industrial investor.""
- Vivendi holds a majority stake in TIM, approximately 24%, according to TeleGeography’s GlobalComms Database.","# Vivendi's Commitment to Telecom Italia

Vivendi reaffirms its commitment to Telecom Italia amid Elliott Management's stake reduction.

## Vivendi's Shareholding in Telecom Italia
- **Date:** 31 Mar 2020
- **Stakeholder:** Vivendi holds approximately 24% of Telecom Italia (TIM).
- **Elliott Management:** Reduced its stake in TIM from 9.72% to 6.97%.
- **Statement:** Vivendi confirms commitment as a long-term industrial investor.

## Implications of Stake Changes
- **Elliott's Decision:** Reflects a strategic shift in investment.
- **Vivendi's Position:** Reaffirms confidence in TIM's future.

Vivendi's reaffirmation highlights its long-term strategy despite changes in shareholder dynamics.",,
"The goal of Session 1 is to provide psychoeducation regarding NSSI and to orient the patient to the intervention, which largely conceptualizes NSSI as a coping strategy. In addition, motivational enhancement techniques are utilized to address potential ambivalence and resistance towards change and to begin building motivation for change (Miller & Rollnick, 2002).
The goals of Sessions 2 to 6 are to use functional assessment to identify the triggers and reinforcers for NSSI, to identify alternative behaviors to NSSI, and to use differential reinforcement procedures to decrease engagement in NSSI and increase the use of alternative behaviors. Functional assessment provides an ongoing evaluation of the intervention.

Informant-based antecedent-behavior-consequence (ABC) charts are the primary method of functional assessment used in this intervention. A specific NSSI episode is entered as the behavior, and the patient and therapist work together to identify the environmental, emotional, cognitive, and social antecedents to and consequences of the behavior. If the patient is not experiencing NSSI behaviors, urges to engage in NSSI are the focus of the functional assessment, and antecedents to and consequences of the urges are examined. Functional assessments are conducted for each method of NSSI used, as methods may differ in function, and across as many situations as possible.
During Session 2, the technique is introduced and functional assessments of recent NSSI episodes are conducted. Results of the initial functional assessment conducted in Session 2 may suggest environmental strategies that can be immediately implemented to potentially decrease NSSI behaviors. For example, a patient who self-injures in a particular setting, such as in the bathroom, may be encouraged to limit time in that setting. Similarly, a patient may be encouraged to put tape around a sharp implement to make access to the tool more difficult, thereby giving the patient more opportunity to use an adaptive strategy. These manipulations are then assessed in future functional assessments. Homework is introduced in Session 2 and is an important component of the intervention; the patient is instructed to complete a functional assessment for each episode of NSSI or NSSI urge during the week, which is then reviewed at the beginning of each session.
Because the majority of patients endorse automatic negative reinforcement as a primary function of NSSI (Nock & Prinstein, 2004), Sessions 3 and 4 focus on identifying adaptive ways to decrease negative affect so that the individual can use other coping skills in their repertoire to address an antecedent to NSSI behaviors and urges. During Session 3, the functional assessment is continued and expanded to include an occasion where the patient experienced an antecedent that often leads to NSSI, but he or she did not self-injure. With significant collaboration between the patient and therapist, the focus of Session 4 is to identify alternative behaviors that serve a similar function for the patient’s NSSI. Techniques that the patient has used in the past to successfully cope with NSSI urges, along with patient preferences for distraction techniques, are focused upon. The therapist collaborates with the patient to develop a list of possible alternative behaviors that are simple and easily accessible (i.e., not overly complicated or relying on equipment to which the patient may not have access). For homework, the patient is asked to practice these techniques in response to mild negative affect and to perform a functional assessment on each occurrence. The patient is not asked to use alternative behaviors as a substitution for NSSI in Session 4. In Session 5, the patient’s experiences in performing the homework assignment are incorporated, and the list of alternative behaviors is revised. The patient is asked for homework to test these behaviors in lieu of NSSI, again performing a functional assessment on each instance. During Session 6, the list of alternative behaviors is again revised based on patient experiences. Alternative behaviors are reinforced by the desired consequences—for example, reducing negative affect—thus increasing the likelihood that the alternative behavior will be repeated and decreasing the likelihood of NSSI through DRA.
Sessions 7 and 8: Individualized Modules For the remainder of the intervention, the patient continues to practice utilizing alternative behaviors in lieu of NSSI. Functional assessments assigned for homework throughout the week are reviewed at the beginning of each session, and the list of alternative behaviors is revised as necessary to ensure that the alternative behaviors are reinforced, thus contributing to behavior change through DRA. The content of Sessions 7 and 8 consists of one of three individualized modules: Interpersonal Communication, Cognitive Distortions, and Distress Tolerance. Based on the common antecedents identified in the functional assessments and patient feedback, the therapist and patient hypothesize deficits in coping that may be contributing to NSSI and select the module most related to these deficits. For example, patients whose NSSI has a communication function or appears to be related to deficits in interpersonal communication may receive the Interpersonal Communication module; those whose NSSI is related to cognitive distortions or core beliefs, such as worthlessness or a need to be punished, may receive the Cognitive Distortions module; and those who engage in NSSI for automatic negative reinforcement without a relevant interpersonal or cognitive trigger may receive the Distress Tolerance module. Module selection is flexible, and modules are chosen to best address the skills deficits most related to current NSSI episodes. The goals of the Interpersonal Communication module are to increase the patient’s assertiveness skills, particularly in situations that may trigger NSSI, and to practice these skills using role-play. The goals of the Cognitive Distortions module, based on principles and techniques of cognitive therapy, are to introduce the relationship between thoughts, feelings, and behaviors, to identify cognitive distortions that may contribute to NSSI, and to begin to evaluate negative automatic thoughts and generate more realistic thoughts. Similar to the Distress Tolerance module of DBT, the goals of T-SIB’s Distress Tolerance module are to discuss the concept of accepting and tolerating distressing situations and feelings, and to discuss ways of tolerating distress. Unlike DBT, however, distress toler-
ance skills are only a focus of the two sessions of this specific module and are not incorporated throughout the treatment. Although two sessions are not sufficient to thoroughly address deficits in any of these areas, the goal of the individualized modules is to give the patient basic skills to begin to address some of the underlying skills deficits that may be associated with their NSSI. Patients are encouraged to seek additional treatment to continue the work begun in the intervention.","- **Session 1 Goals:**
  - Provide psychoeducation on Non-Suicidal Self-Injury (NSSI).
  - Orient patient to intervention conceptualizing NSSI as a coping strategy.
  - Utilize motivational enhancement techniques to address ambivalence and resistance towards change.
  - Begin building motivation for change (Miller & Rollnick, 2002).

- **Sessions 2 to 6 Goals:**
  - Use functional assessment to identify triggers and reinforcers for NSSI.
  - Identify alternative behaviors to NSSI.
  - Implement differential reinforcement procedures to decrease NSSI engagement and increase alternative behaviors.
  - Conduct ongoing evaluation of the intervention through functional assessment.

- **Functional Assessment Method:**
  - Use informant-based antecedent-behavior-consequence (ABC) charts.
  - Enter specific NSSI episodes as behavior.
  - Collaborate with patient to identify environmental, emotional, cognitive, and social antecedents and consequences.
  - Focus on urges to engage in NSSI if no behaviors are present.
  - Conduct assessments for each method of NSSI used across various situations.

- **Session 2 Activities:**
  - Introduce functional assessment technique.
  - Conduct assessments of recent NSSI episodes.
  - Suggest immediate environmental strategies to decrease NSSI behaviors (e.g., limiting time in triggering settings).
  - Introduce homework for functional assessment of each NSSI episode or urge.

- **Sessions 3 and 4 Focus:**
  - Identify adaptive ways to decrease negative affect.
  - Expand functional assessment to include antecedents leading to NSSI without self-injury.
  - Collaborate to identify alternative behaviors serving similar functions to NSSI.
  - Develop a list of simple, accessible alternative behaviors.
  - Assign homework to practice techniques in response to mild negative affect.

- **Session 5 Activities:**
  - Incorporate patient experiences from homework.
  - Revise list of alternative behaviors.
  - Assign homework to test alternative behaviors in lieu of NSSI.

- **Session 6 Activities:**
  - Revise list of alternative behaviors based on patient experiences.
  - Reinforce alternative behaviors with desired consequences to increase likelihood of repetition and decrease NSSI.

- **Sessions 7 and 8: Individualized Modules:**
  - Continue practicing alternative behaviors in lieu of NSSI.
  - Review functional assessments assigned for homework.
  - Revise list of alternative behaviors as necessary.
  - Select one of three individualized modules based on common antecedents:
    - **Interpersonal Communication Module:** 
      - Increase assertiveness skills and practice through role-play.
    - **Cognitive Distortions Module:** 
      - Introduce relationship between thoughts, feelings, and behaviors.
      - Identify cognitive distortions contributing to NSSI.
      - Evaluate negative automatic thoughts and generate realistic thoughts.
    - **Distress Tolerance Module:** 
      - Discuss accepting and tolerating distressing situations and feelings.
      - Focus on distress tolerance skills for two sessions only.

- **Overall Goal of Individualized Modules:**
  - Provide basic skills to address underlying deficits associated with NSSI.
  - Encourage patients to seek additional treatment for continued work.","# Intervention for Non-Suicidal Self-Injury (NSSI)

The intervention aims to educate patients about NSSI and develop coping strategies.

## Session 1: Introduction to NSSI
- **Goal:** Provide psychoeducation on NSSI as a coping strategy.
- **Techniques:** Use motivational enhancement to address ambivalence towards change.
- **Reference:** Miller & Rollnick (2002) on motivational techniques.
  
*This session sets the foundation for understanding NSSI and motivation for change.*

---

## Sessions 2 to 6: Functional Assessment and Alternative Behaviors
- **Goal:** Identify triggers and reinforcers for NSSI.
- **Method:** Use informant-based ABC charts for functional assessment.
  - **Behavior:** Specific NSSI episodes are recorded.
  - **Focus:** Environmental, emotional, cognitive, and social antecedents and consequences.
- **Session 2:** Introduce functional assessments and implement immediate environmental strategies.
  - **Example:** Limit time in settings where NSSI occurs.
  - **Homework:** Complete functional assessments for NSSI episodes or urges.
  
*These sessions focus on understanding NSSI behaviors and developing alternative coping strategies.*

---

## Sessions 3 and 4: Addressing Negative Affect
- **Focus:** Identify adaptive ways to decrease negative affect.
- **Session 3:** Expand functional assessment to include non-injurious antecedents.
- **Session 4:** Collaborate to identify alternative behaviors.
  - **Techniques:** Use past coping strategies and patient-preferred distractions.
  - **Homework:** Practice alternative behaviors and perform functional assessments.
  
*These sessions aim to equip patients with skills to manage negative emotions without resorting to NSSI.*

---

## Sessions 5 and 6: Refining Alternative Behaviors
- **Session 5:** Review homework experiences and revise alternative behaviors.
  - **Homework:** Test alternative behaviors in place of NSSI.
- **Session 6:** Further revise alternative behaviors based on patient feedback.
  - **Goal:** Reinforce alternative behaviors to reduce NSSI likelihood through differential reinforcement.
  
*These sessions focus on refining and reinforcing alternative coping strategies.*

---

## Sessions 7 and 8: Individualized Modules
- **Goal:** Continue practicing alternative behaviors and review functional assessments.
- **Modules:** Three individualized options based on patient needs:
  - **Interpersonal Communication:** Improve assertiveness skills.
  - **Cognitive Distortions:** Address thoughts contributing to NSSI.
  - **Distress Tolerance:** Discuss tolerating distressing feelings.
- **Flexibility:** Module selection based on identified deficits and patient feedback.
  
*These sessions provide targeted skills to address underlying issues related to NSSI.*

---

*The intervention aims to equip patients with coping strategies and skills to manage NSSI effectively.*",,
"From  January  2017  (4-  week  period  ending  28  January  2017) through  December  2019  (4-week     period  ending  28  December 2019),  average  capacity  remained  stable  at  1.1  mL.  Through the  summer  of  2021,  average  capacity  increased  from  1.1  to 1.6  mL  (4-  week  periods  25  January  2020  through  12  June 2021).  Starting  in  July  2021  (4-week     period  ending  10  July 2021), average capacity more than doubled to 3.6 mL, further increasing to 5.7 mL in September 2022 (4-week   period ending 3 September 2022). During the study period, capacity increased by 518% (figure 1, panel A). For the period between April and September  2022  (4-week     period  ending  16  April  2022  to  3 September 2022), there were 18 products with a capacity of 20 mL (results not shown).
Average  nicotine  strength  also  increased  over  time.  Prior to  2019  (4-  week  period  ending  December  29,  2018),  average nicotine strength remained below 2%. By the fourth quarter of 2020 (4- week periods ending 3 October 2020 to 26 December 2020), average nicotine strength doubled to 4% and continued to steadily increase reaching an average 5% through September 2022  (4-  week  period  ending  3  September  2022).  During  the study period, nicotine strength increased 294% (figure 1, panel B). For the period between March and September 2022 (4- week period  ending  19  March  2022  to  3  September  2022),  48  new products were introduced with 6% nicotine strength (results not shown).
As  disposable  devices  increased  in  capacity  and  nicotine strength, their prices decreased. The average real price per unit and the average real price per millilitre of e-liquid   both remained relatively  stable  from  January  2017  (4-  week  period  ending  28 January 2017) through December 2019 (4- week period ending 28  December  2019),  averaging  US$8.68  per  unit  and  US$8.56 per  millilitre  of  e-liquid.     Starting  in  January  2020  (4-  week period ending 25 January 2020), unit prices and millilitre prices started to diverge. From January 2020 (4- week period ending 25 January 2020) through September 2022 (4- week period ending 3 September 2022), average unit price increased from US$8.49 to US$14.07—a 65.7% increase. However, as devices increased in  capacity,  the  average  price  per  1  mL  of  e-liquid     fell  from US$7.96 to US$2.45—a 69.2% decrease (figure 1, panel C).
To contextualise our findings, we aggregated nicotine strength and device capacity data to compare trends over time. We used JUUL’s  previously  industry-  leading  5%  nicotine  strength  as a  benchmark,9  visualising  aggregate  real  sales  dollars  (online supplemental  figure  1)  and  the  number  of  unique  bar  codes (online  supplemental  figure  2)  for  each  4-  week  period.  At  the beginning  of  2017  (4-week     period  ending  28  January  2017), nearly  all  products  sold  (99.9%)  had  less  than  5%  nicotine strength. By the 4- week period ending 3 September 2022, nearly all  products  sold  (95.5%)  had  5%  or  higher  nicotine  strength. For  device  capacity,  we  used  median  capacity  (2  mL)  and  the IQR  (1–6  mL)  as  our  benchmarks.  We  thus  visualise  aggregate real sales dollars (online supplemental figure 3) and unique bar codes (online supplemental figure 4) as low (≤1 mL),  moderate (>1 mL  but  ≤6  mL)  and  high  capacity  (>6  mL).  From  the 4-  week  period  ending  28  January  2017,  through  the  4-  week period  ending  5  October  2019,  the  majority  of  sales  (95.8%) were for low- capacity devices. Beginning of the 4-week   period ending  18  April  2020,  moderate-  capacity  devices  comprised 80.0% of sales before July 2021 when large capacity devices first outnumbered low- capacity devices. By September 2022 (4-week period ending 3 September 2022), the market share of moderate-capacity devices accounted for 57.5%. During the same period, the market share of high-capacity   devices increased to 35.7% of aggregated sales. Unique barcodes followed the same trajectory with moderate-capacity devices overtaking low-  capacity devices in  the  4-  week  period  ending  11  July  2020  and  high-  capacity devices  overtaking  low-capacity     devices  in  the  4-week     period ending 10 July 2021.","- From January 2017 to December 2019:
  - Average capacity remained stable at 1.1 mL.
  
- Summer 2021:
  - Average capacity increased from 1.1 mL to 1.6 mL (25 January 2020 to 12 June 2021).
  
- July 2021:
  - Average capacity more than doubled to 3.6 mL.
  
- September 2022:
  - Average capacity further increased to 5.7 mL (ending 3 September 2022).
  
- Overall capacity increase during the study period:
  - Increased by 518% (figure 1, panel A).
  
- April to September 2022:
  - 18 products with a capacity of 20 mL (results not shown).

- Average nicotine strength trends:
  - Prior to 2019: remained below 2%.
  - Fourth quarter of 2020: doubled to 4%.
  - Continued to increase, reaching an average of 5% through September 2022.
  
- Overall nicotine strength increase during the study period:
  - Increased by 294% (figure 1, panel B).
  
- March to September 2022:
  - 48 new products introduced with 6% nicotine strength (results not shown).

- Price trends:
  - Average real price per unit and per millilitre remained stable from January 2017 to December 2019:
    - US$8.68 per unit.
    - US$8.56 per millilitre.
  
- Starting January 2020:
  - Unit prices and millilitre prices began to diverge.
  - Average unit price increased from US$8.49 to US$14.07 (65.7% increase).
  - Average price per 1 mL of e-liquid fell from US$7.96 to US$2.45 (69.2% decrease) (figure 1, panel C).

- Contextual findings:
  - Aggregated nicotine strength and device capacity data compared over time.
  - JUUL’s 5% nicotine strength used as a benchmark.
  
- Sales trends:
  - Beginning of 2017: 99.9% of products had less than 5% nicotine strength.
  - By September 2022: 95.5% of products had 5% or higher nicotine strength.
  
- Device capacity benchmarks:
  - Median capacity: 2 mL.
  - IQR: 1–6 mL.
  
- Sales distribution:
  - 28 January 2017 to 5 October 2019: 95.8% of sales were for low-capacity devices.
  - From 18 April 2020: moderate-capacity devices comprised 80.0% of sales.
  - July 2021: large capacity devices outnumbered low-capacity devices.
  - By September 2022: moderate-capacity devices accounted for 57.5% of market share; high-capacity devices increased to 35.7%.
  
- Unique barcodes trends:
  - Moderate-capacity devices overtook low-capacity devices by 11 July 2020.
  - High-capacity devices overtook low-capacity devices by 10 July 2021.","# Trends in Disposable Device Capacity and Nicotine Strength

Average capacity and nicotine strength of disposable devices have significantly increased over time.

## Capacity Trends
- **Stable Capacity:** Average capacity remained stable at 1.1 mL from January 2017 to December 2019.
- **Increase in Capacity:** 
  - Increased from 1.1 mL to 1.6 mL by June 2021.
  - More than doubled to 3.6 mL in July 2021.
  - Reached 5.7 mL by September 2022.
- **Overall Increase:** Capacity increased by 518% during the study period.
- **Product Count:** 18 products had a capacity of 20 mL between April and September 2022.

*Capacity of disposable devices has shown a remarkable upward trend.*

---

## Nicotine Strength Trends
- **Pre-2019 Levels:** Average nicotine strength remained below 2% prior to December 2018.
- **Doubling Strength:** 
  - Increased to 4% by Q4 2020.
  - Reached an average of 5% by September 2022.
- **Overall Increase:** Nicotine strength increased by 294% during the study period.
- **New Products:** 48 new products with 6% nicotine strength were introduced between March and September 2022.

*Nicotine strength has steadily increased, reflecting changing consumer preferences.*

---

## Price Trends
- **Stable Prices (2017-2019):** Average price per unit was US$8.68 and per mL was US$8.56.
- **Price Divergence (2020-2022):** 
  - Unit price increased from US$8.49 to US$14.07 (65.7% increase).
  - Price per mL decreased from US$7.96 to US$2.45 (69.2% decrease).

*Prices have diverged, with unit prices rising while the cost per mL has significantly dropped.*

---

## Market Share and Product Trends
- **Initial Market Composition:** Nearly all products (99.9%) had less than 5% nicotine strength in early 2017.
- **Shift in Product Strength:** By September 2022, 95.5% of products had 5% or higher nicotine strength.
- **Capacity Benchmarks:** 
  - Majority of sales (95.8%) were for low-capacity devices until April 2020.
  - Moderate-capacity devices comprised 80% of sales by mid-2020.
  - High-capacity devices outnumbered low-capacity devices by July 2021.
- **Current Market Share:** 
  - Moderate-capacity devices accounted for 57.5% of sales by September 2022.
  - High-capacity devices made up 35.7% of aggregated sales.

*The market has shifted towards higher capacity and nicotine strength devices over time.*",,
"Customer/User related — their behaviours, needs, motivations, etcTechnical — can we technically do this? Is it possible with this tech? etcBusiness-related — is the business model sustainable? Will people pay for it? How much can we charge? etc.or risk orientated — is this idea durable enough to survive changes in the future?
You can colour code or step through each of these lenses if you find it valuable to do so.

Personally, I like to keep things simple and just brainstorm all the assumptions we can think of.

From there, as the name suggests, we need to turn things into a 'map' — into a 2x2 matrix, to be more precise, like below.
An Assumptions Map comprises of two axes.

Along the x-axis is a spectrum from unknown to known.

This represents how much evidence we have on an assumption.

do we have existing research on it from past projects?is there supporting data, or are we guessing?are there indications that suggest this exists, or is it a gut feeling? We feel it's correct, but we do not have any data to support it.
The y-axis, on the other hand, is a scale of importance — from 'low importance’-to-‘high importance'.

This seeks to understand how vital the assumption is to the problem area, opportunity or solution.

is it integral to the idea?if found to be incorrect, would that make the opportunity no longer worth exploring?or is it not critical to the core idea?
An example of importance might be, say, Uber's ability to show in real time where your ride is located. This is a great feature but if it wasn't technically possible to do it wouldn't be the end of Uber as a concept. However, the assumption that people are comfortable enough to get into a stranger's car, if that was found to be untrue, Uber's business model would crumble.

Therefore the latter would have a higher importance than the former.","- **Customer/User Related:**
  - Behaviours
  - Needs
  - Motivations

- **Technical:**
  - Feasibility of implementation
  - Compatibility with existing technology

- **Business-Related:**
  - Sustainability of the business model
  - Willingness to pay
  - Pricing strategy

- **Risk-Oriented:**
  - Durability of the idea against future changes

- **Assumptions Mapping:**
  - **X-Axis:** Spectrum from unknown to known
    - Existing research from past projects?
    - Supporting data vs. guessing
    - Indications vs. gut feeling

  - **Y-Axis:** Scale of importance from low to high
    - Integral to the idea?
    - Impact of incorrect assumptions on opportunity viability

- **Example of Importance:**
  - Uber's real-time ride tracking: 
    - Great feature but not critical to the concept.
  - Assumption of user comfort with strangers: 
    - Critical; if false, the business model fails.","# Assumptions Mapping Framework

Understanding assumptions is crucial for evaluating ideas and opportunities.

## Customer/User Considerations
- **Behaviors and Needs:** Focus on customer behaviors, needs, and motivations.
- **Technical Feasibility:** Assess if the idea is technically possible with current technology.
- **Business Viability:** Evaluate the sustainability of the business model and pricing strategies.
- **Risk Assessment:** Determine if the idea can withstand future changes.
  
This section emphasizes the importance of understanding customer and market dynamics.

---

## Assumptions Mapping
- **Mapping Concept:** Create a 2x2 matrix to visualize assumptions.
- **X-Axis (Evidence):** Ranges from unknown to known.
  - Questions to consider:
    - Is there existing research or data?
    - Are assumptions based on gut feelings or solid evidence?
- **Y-Axis (Importance):** Ranges from low to high importance.
  - Questions to consider:
    - Is the assumption critical to the idea?
    - Would incorrect assumptions invalidate the opportunity?

This section outlines how to categorize assumptions based on evidence and importance.

---

## Example of Importance
- **Uber's Real-Time Tracking:** Important feature but not critical to the business model.
- **Comfort with Strangers:** Essential assumption; if false, the business model fails.

This example illustrates the varying levels of importance among assumptions.",,
"The  major  challenges  for  the  use  of  IoHT  devices  emanates  from  three  aspects:  lack  of  standards  and  protocols  for interoperability, data security and privacy 16  and data aggregation and analysis.

Since  these  devices  besides  communicating  with  each  other  are  supposed  to  send  data  and  messages  to  the mainstream  systems  of  the  healthcare  facilities,  that  being  highly  vendor-specific,  lack  interoperability.  Interpretability implies ability of the systems or component of systems to communicate with each other. In today’s healthcare environment countless  IoHT  devices  of  different  vendors,  brands  and  technical  specs  and  standard,  make  interoperability  a  great challenge.  There  appears  some  initiatives  by  the  IEEE  (Institute  of  Electrical  and  Electronic  Engineers),  an  international organization  that  develops  standards  for  the  communication  technology  like  the  Internet,  and  EU  (European  Union)  for developing standards for the IoT devices, which will also be applicable to IoHT/IoMT devices using the same underlying working  principles 17 .    This  is  a  reminder  of  the  early  development  days  of  vendor-specific  personal  computers  and communication protocols (Mac, Novel, HP) till they were standardized for interoperability.
The  other  major  challenge  of  IoHT  devices  is  Data  Security  and  Privacy  as  health  data  containing  sensitive information  travels  on  the  Internet  and  is  stored  mostly  now-a-days  in  the  Cloud.  The  IoHT  devices  transmit  data wirelessly  travelling  through  the  atmosphere.  Being  very  small,  they  do  not  possess  enough  computing  power  to  encrypt (encode)  data,  although  some  medical  grade  cell  phones  and  devices  have  started  to  do.  They  also  are  not  equipped  for updating the security patches due to their permanently embedded operating system, unlike computers that allow installing, updating and patching software. The health data, thus, both in the  transient  and  stationary  forms can be accessed, hacked, modified, corrupted and even rendered unusable. From  security  aspect, every linked device creates vulnerability and poses a  threat  from  attackers  or  malicious  software.  Since  the  IoHT  devices  collect  personal  health  data  with  identifiable information,  they  have  potential  of  being  hacked,  operationally  disrupted,  or  caused  to  malfunction.  The  wirelessly transmitted  unencrypted  Protected  Health  Information  (PHI)   by  IoHT  devices  is  subject  to  interception  and  hacking  by anyone,   anytime   and   from   anywhere   beside   being   accessed   as   stored  unencrypted    data.  The   health   information management  professionals,  thus,  should  possess  sound  knowledge  of  the  vulnerabilities  and  security  measures  of wirelessly transmitted health data by IoHT devices.
Yet another challenge of the extensive use of IoHT devices is the aggregation and analysis of the huge amount of data collected by them. This aspect of IoHT devices would need skills in h ealth data analytics  to sort, interpret and display health data for  meaningful  use in  healthcare decision  making. This skill of health-IT professionals  would require  mastery of statistics, programming, and data analytics tools.
Associated with these challenges, is the inability  of the IoHT devices to deploy of security patches.  With servers, laptops,  and  even  phones,  operating  system  patches  are  regularly  provided  and  often  automatically  applied  protecting consumers  from the  latest security threats and  vulnerabilities.  An IoHT device  may  have  major software or configuration issues  that  can’t  be  patched  because  of  deployment  location,  design  constraints  and  embedded  software.  The  longer  an unpatched device stays in the field, the more likely vulnerability could be exploited.
data privacy and security issues using some of the following technologies and policies.

Technologies •  The use of  Block Chain  technology to protect data in IoHT devices can enhance  security . The Bock Chain 18  is a distributed  decentralized  ledger  with  underlying  encryption   technology  comprising  secure,  authenticated  and verifiable transactions. Some IoHT manufacturers have started incorporating this technology in their devices. The major IoHT players (Cisco, IBM, Intel, Infineon, Symantec, Google) are investigating the security aspect of their IoT technology applicable in healthcare using this technology. •  Enable IoHT devices to use  Authentication  to validate user identity and access privileges. •  Enable IoHT devices to use  encryption  for all health-related communication. •  Enable  Integrity  on IoHT devices to verify devices to ensure that they are unaltered and uninterrupted.
•  Ensure  that  IoHT  devices  use  the  principle  of  “least  privilege”   ensuring  only  the  required  actions  and  types  of communication. •  Log  all  user  activities  and  events  and  monitor  themregularly  for  unusual   activities,  like  duplicate  unique  device identifiers or elevation in privileges. •  Review data analysis results regularly to identify unusualtrends and patterns. •  Stay  current  with  the  IoHT  technology  trends  including  AI/ML,  data  analytics  and  security  best  practices associated   with   protecting   and   securing   sensitive   data   through   formal   education,   training   workshops, certifications, and participation in conferences.","- Major challenges for the use of IoHT devices:
  - Lack of standards and protocols for interoperability
  - Data security and privacy
  - Data aggregation and analysis

- Interoperability challenges:
  - Devices must communicate with each other and mainstream healthcare systems
  - Current systems are vendor-specific, hindering interoperability
  - Numerous IoHT devices from different vendors complicate communication
  - Initiatives by IEEE and EU aim to develop standards for IoT and IoHT devices

- Data security and privacy concerns:
  - Health data contains sensitive information transmitted over the Internet
  - Data is often stored in the Cloud
  - IoHT devices lack sufficient computing power for encryption
  - Many devices cannot update security patches due to embedded operating systems
  - Vulnerabilities arise from every linked device, posing threats from attackers
  - Unencrypted Protected Health Information (PHI) is susceptible to interception
  - Health information management professionals need knowledge of vulnerabilities and security measures

- Data aggregation and analysis challenges:
  - Huge amounts of data collected require health data analytics skills
  - Professionals need mastery of statistics, programming, and data analytics tools

- Inability to deploy security patches:
  - IoHT devices may have unpatchable software or configuration issues
  - Longer unpatched devices are in the field, the greater the risk of exploitation

- Technologies and policies to address data privacy and security:
  - Use of Blockchain technology to enhance security
  - Authentication to validate user identity and access privileges
  - Encryption for all health-related communication
  - Integrity checks to verify devices are unaltered
  - Principle of ""least privilege"" to limit actions and communication
  - Logging user activities and monitoring for unusual events
  - Regular review of data analysis results for trends and patterns
  - Staying current with IoHT technology trends, including AI/ML and security best practices through education and training","# Challenges of IoHT Devices

The Internet of Health Things (IoHT) faces significant challenges in interoperability, data security, and data analysis.

## Interoperability Issues
- **Lack of Standards:** No universal standards for IoHT device communication.
- **Vendor-Specific Systems:** Devices from different vendors struggle to communicate effectively.
- **Initiatives for Standardization:** IEEE and EU are working on standards applicable to IoHT devices.
- **Historical Context:** Similar challenges were faced in the early days of personal computers.
  
Interoperability remains a critical barrier to effective IoHT integration.

---

## Data Security and Privacy
- **Sensitive Health Data:** IoHT devices transmit sensitive information over the Internet.
- **Encryption Limitations:** Many devices lack the computing power to encrypt data.
- **Vulnerability to Attacks:** Unencrypted data is susceptible to interception and hacking.
- **Health Data Management:** Professionals must understand vulnerabilities and security measures.
  
Data security is a major concern for the safe use of IoHT devices.

---

## Data Aggregation and Analysis
- **Volume of Data:** IoHT devices generate large amounts of health data.
- **Need for Analytics Skills:** Health IT professionals require expertise in statistics and data analytics.
- **Challenges in Data Use:** Effective decision-making relies on proper data interpretation and display.

Data analysis skills are essential for leveraging IoHT data in healthcare.

---

## Deployment of Security Patches
- **Patch Limitations:** IoHT devices often cannot receive security updates due to design constraints.
- **Increased Vulnerability:** Unpatched devices are at higher risk of exploitation over time.

The inability to patch devices poses ongoing security risks.

---

## Technologies and Policies for Security
- **Blockchain Technology:** Enhances data security through decentralized, encrypted transactions.
- **User Authentication:** Validates user identity and access privileges for IoHT devices.
- **Data Encryption:** Ensures secure communication of health-related information.
- **Integrity Verification:** Confirms devices remain unaltered and operational.
- **Principle of Least Privilege:** Limits device actions to necessary communications.
- **Activity Logging:** Monitors user activities for unusual patterns.
- **Regular Data Review:** Identifies trends and anomalies in data analysis.
- **Continuous Education:** Professionals should stay updated on IoHT technology and security practices.

Implementing these technologies and policies can significantly improve IoHT security.",,
"Social media platforms have become a ubiquitous part of everyday life in industrialized societies. They are widely used for communication, and for sharing information of all kinds. Unfortunately, not all of that information is true. Around the world, online misinformation is seen as a significant cause for concern, with more than half of internet users worrying about encountering false material [1]. Policymakers share this concern, characterising it as a significant threat to democracy [2]. Yet, research also suggests that people at both ends of the political spectrum may associate the spread of misinformation with opposing political beliefs [3]. Factors such as perceptions of accuracy [4,5], and consistency with political affiliation [6] are thought to influence moral evaluations of misinformation. In turn, it has also been suggested that said moral adjustments may influence user interactions with misinformation [4,7]. Given the important role of perceived morality in self-regulation [8], any belief-related leniency in moral evaluations of misinformation may help explain why users go on to contribute to its digital spread.
The present research examines whether issue-specific beliefs play a role in how misinformation and disinformation are evaluated and spread within social media contexts. “Disinformation” is a term arising from studies of political communication. It is used to refer to false material that is potentially harmful and is shared with harmful intent [9]. This is related to, but separate from, “misinformation” which is false information that is shared inadvertently. Day-to-day, social media users may interact with content based on relevance [10–12] and in turn these ‘signals’ allow platforms to serve users with potentially relevant content. Some disseminators of disinformation have been known to take advantage of these factors, utilising strategies such as microtargeting of advertisements and community development to target users with curated messaging [13]. Disinformation campaigns have previously targeted a range of audiences, including underrepresented groups [13]. They have also targeted pre-existing tensions, including divisions inside political parties [14]. In these instances, ideology or partisanship may not best explain differences in user-interactions. The technological and strategic realities therefore indicate that social media related misinformation research may require more granular approaches. In response to this need, the two studies presented here investigate the influence of degree of belief-consistency with misinformation on participants’ spread intentions and moral evaluations.
Importantly for the purposes of this paper, the same piece of false information can be considered as either disinformation or misinformation depending on who is sharing it, and why. If I tell you a lie, for malicious reasons, that might be disinformation. If you believe it and pass it on to your friends, that would be misinformation. For purposes of clarity, we will use the term “misinformation” where participants are interacting with false material that they have no reason to believe is untrue, and “disinformation” where participants are interacting with false material that they have been told is not true.
Much of the spread of false material online can be attributed to the actions of individual social media users [15]. This spread may be conscious and deliberate when people share it to their own social networks. People may also share material simply by interacting with it: engaging with content in ways such as ‘liking’ it causes social media platforms to show it to a greater number of people, expanding its reach through algorithmic propagation [16]. Why do people do this? A key factor in whether people choose to interact with false material online may be whether or not it is consistent with their beliefs.","- Social media platforms are integral to daily life in industrialized societies.
- They facilitate communication and information sharing.
- Concerns about online misinformation are widespread:
  - Over half of internet users worry about false information.
  - Policymakers view misinformation as a threat to democracy.
- Research indicates that political beliefs influence perceptions of misinformation:
  - People associate misinformation with opposing political views.
  - Factors affecting moral evaluations include:
    - Perceptions of accuracy.
    - Consistency with political affiliation.
- Moral evaluations may affect user interactions with misinformation.
- Perceived morality plays a crucial role in self-regulation.
- Belief-related leniency in moral evaluations may contribute to the spread of misinformation.
- The research focuses on the role of issue-specific beliefs in evaluating and spreading misinformation and disinformation on social media.
- Definitions:
  - ""Disinformation"": false material shared with harmful intent.
  - ""Misinformation"": false information shared inadvertently.
- Social media users interact with content based on relevance, which influences what they see.
- Disinformation disseminators exploit these factors through:
  - Microtargeting advertisements.
  - Community development for curated messaging.
- Disinformation campaigns target various audiences, including underrepresented groups and exploit existing tensions.
- Ideology or partisanship may not fully explain user interactions with misinformation.
- The studies investigate how belief-consistency with misinformation affects spread intentions and moral evaluations.
- The same false information can be classified as disinformation or misinformation based on the intent of the sharer.
- Individual actions significantly contribute to the spread of false material online:
  - Sharing false information can be conscious or inadvertent.
  - Interactions like 'liking' content increase its visibility through algorithms.
- Consistency with personal beliefs is a key factor in interactions with false material.","# The Impact of Misinformation on Social Media

Social media platforms are integral to communication but are plagued by misinformation.

## The Prevalence of Misinformation
- **Concern:**
  - Over half of internet users worry about encountering false information.
- **Policymakers' View:**
  - Misinformation is seen as a significant threat to democracy.
- **Political Spectrum:**
  - Both ends of the political spectrum associate misinformation with opposing beliefs.
  
Misinformation is a widespread issue that raises concerns among users and policymakers alike.

---

## Factors Influencing Misinformation Evaluation
- **Perceptions of Accuracy:**
  - Influences moral evaluations of misinformation.
- **Political Affiliation:**
  - Consistency with political beliefs affects user interactions.
- **Moral Adjustments:**
  - May influence how users engage with misinformation.

User interactions with misinformation are shaped by their perceptions and moral evaluations.

---

## Research Focus
- **Study Objective:**
  - Examines the role of issue-specific beliefs in evaluating and spreading misinformation.
- **Definitions:**
  - **Disinformation:** False material shared with harmful intent.
  - **Misinformation:** False information shared inadvertently.
  
The research aims to clarify the distinctions between misinformation and disinformation in social media contexts.

---

## Mechanisms of Misinformation Spread
- **User Interaction:**
  - Users may share false material consciously or inadvertently.
- **Algorithmic Propagation:**
  - Engaging with content (e.g., liking) increases its visibility.
- **Belief Consistency:**
  - A key factor in whether users interact with false material.

The spread of misinformation is significantly driven by user behavior and platform algorithms.

---

## Conclusion
- **User Actions:**
  - Individual actions contribute to the spread of misinformation online.
- **Research Implications:**
  - Understanding belief consistency is crucial for addressing misinformation.

The dynamics of misinformation spread highlight the need for deeper insights into user behavior and belief systems.",,
"This  paper  has  presented  a  case  for  the  essential  role of  gesture  in  comprehending  characterisation  in  a piece  of  digital  multimodal  literature,  an  increasing popular form of literature in contemporary classrooms. In  digital  literary  works,  particularly  in  stop-motion puppet  animations  such  as  Coraline,  where  each  and every single body movement of a (puppet) character has to be manually animated by human actors and photographed  shot  by  shot,  none  of  the  character’s  gesture is  meaningless  or  unnecessary.  All  of  the  gestures  are deployed with an intended meaning.
The  paper  has  proposed  a  framework  for  understanding attitudinal meanings realised by gesture, the kind  of  meaning  that  the  animator  uses  to  reveal  a character’s  personality  and  at  the  same  time  manipulate the viewer’s discernment and empathy towards the character.  This  is  also  the  kind  of  meaning  that  the viewer  relies  on  to  get  inside  the  character’s  interior world  and  to  understand  their  feelings  and  thoughts. The proposed framework presents gestural realisations of the three categories of attitudinal meanings, which are  Attitude,  Engagement  and  Graduation.  The  study applied the proposed framework to analyse the deployment of Coraline’s gestures at points of tension; or in other  words,  in  critical  situations  where  Coraline  has to make moral choices. Her choices of gestural behaviours in such situations contribute to the development of her character and to the theme of the story overall. The  attitudinal  meaning  potential  realised  by  Coraline’s  gesture  was  also  compared  with  the  attitudinal meaning  potential  in  her  speech  to  see  how  the  two semiotics  negotiate  their  shared  roles  in  contributing to the overall attitudinal meanings instantiated in the character of Coraline.
The research findings indicate that in the animation, Coraline’s  language  and  gesture  never  realise  exactly the same kinds of attitudinal meanings. Language and gesture only converge in their realisations of attitudinal meanings  and  in  which  cases  gesture  always  commits additional  meanings  (i.e.,  Graduation)  compared  to language. In most instances in the movie, gesture actually  diverges  with  language  in  realising  attitudinal meanings.  In  some  cases,  gesture  is  an  independent modality,  acting  on  its  own  without  accompanying speech  in  expressing  attitudes.  Linguistically,  this research  finding  challenges  long-standing  notions of  language-gesture  cooperation  of  redundancy  and complementarity  (Buisine  &  Martin,  2007).  In  this tradition,  the  redundancy  relation  between  gesture and  language  can  be  understood  as  ‘gestures  duplicating pieces of information conveyed in speech’ while complementarity refers to the distribution of information  across  modalities  in  multimodal  text  (Buisine  & Martin,  2007,  p.  483).  The  definition  of  redundancy does not work for the data in this study on attitudinal meanings in language and gesture as there is no instance in which gesture only duplicates meanings conveyed in speech.  Complementarity  is  similar  to  the  divergence relation  but  it  does  not  have  a  mechanism  to  further extrapolate  how  gesture  and  language  complement each other. From an educational perspective, the study calls for a conceptual renovation in contemporary first language education in general, and e-literature education in particular. As indicated in the research findings, gesture not only immensely enriches meanings realised in language, it can be an independent semiotic resource.
The  systemic  functional  linguistics  (SFL)  derived framework  for  understanding  gestural  meanings proposed  in  this  study  aligns  with  this  same  theoretical foundation underpinning the three Language sub-strands of Language for interaction, Text structure and organisation,  and  Expressing  and  developing  ideas in  the  ACE.  The  attitudinal  meanings  affordances  of gesture  can  be  mapped  into  the  sub-strand  Language for  interaction  and  can  be  used  to  complement  the linguistic  toolkit  teachers  and  students  can  employ  to interpret a character’s interiority in a similar manner to their current practices with written literature. However, as mentioned in section 1, responding to a film adaptation actually means making interpretations about other people’s interpretation of the original story. In the case of examining Coraline’s characterisation through body language  in  the  animation,  it  is  the  viewer’s  task  of making interpretations of the animator’s interpretation of Coraline’s interiority – such as feelings and thoughts described  in  the  novella-  manifested  in  the  animation of the puppet’s movements that we can recognise as  gesture.  Without  understanding  the  meanings  of gesture, students will miss out on this very important aspect of characterisation in film. The exercise of two layered interpretation may sound complicated but it is a  useful  example  of  a  pedagogic  strategy  to  address Literature strand’s content descriptors for Responding to Literature in the ACE, including reflecting on others’ interpretation of literature as required in year 5 and 10 content descriptors – ACELT1609 and ACELT1640:
Studying a piece of literature in multiple forms (e.g., novel,  graphic  novel  and  film)  provides  students  with an excellent opportunity to reflect on their own interpretation of the story against others’. Knowledge about gestural  meaning  affordances  together  with  other meaning making resources including and beyond image will  effectively  equip  students  to  achieve  such  curriculum  objectives.  This  calls  for  an  adjustment  of  the current ACE to make knowledge about body language in the Language strand more comprehensive and unified with knowledge about language and image. Although the current ACE is progressive in its attempt to incorporate body language and gesture in its content description, the mentioning of body language only appears in the Language and Literacy strands up to Year 3, and not in the Literature strand. It is also pivotal to make body language  grammar  more  visible  and  more  connected with the Literature strand to address the curriculum’s strong advocacy for the teaching and learning of multi-modal literature throughout all year levels.","- The paper presents a case for the essential role of gesture in understanding characterisation in digital multimodal literature.
- Digital literary works, especially stop-motion puppet animations like Coraline, require manual animation of every body movement, making each gesture meaningful.
- A framework is proposed for understanding attitudinal meanings realized by gesture, revealing a character’s personality and influencing viewer empathy.
- The framework categorizes attitudinal meanings into three categories: 
  - Attitude
  - Engagement
  - Graduation
- The study analyzes Coraline’s gestures during critical situations where she makes moral choices, contributing to character development and overall story themes.
- Coraline’s gestures and language do not realize the same attitudinal meanings; gesture often adds additional meanings (i.e., Graduation).
- Gesture can act independently, expressing attitudes without accompanying speech.
- Findings challenge traditional notions of language-gesture cooperation, such as redundancy and complementarity.
- Redundancy is not applicable as gestures do not merely duplicate speech meanings.
- Complementarity lacks a mechanism to explain how gesture and language complement each other.
- The study calls for a conceptual renovation in first language education and e-literature education.
- Gesture enriches meanings in language and serves as an independent semiotic resource.
- The proposed framework aligns with systemic functional linguistics (SFL) and the Language sub-strands in the ACE.
- Gesture affordances can enhance the linguistic toolkit for interpreting character interiority in literature.
- Understanding gesture is crucial for students to grasp characterisation in film adaptations.
- The exercise of layered interpretation aids in addressing Literature strand content descriptors in the ACE.
- Studying literature in multiple forms allows students to reflect on their interpretations against others.
- Knowledge of gestural meanings and other resources equips students to meet curriculum objectives.
- The current ACE needs adjustment to integrate body language knowledge comprehensively with language and image.
- Body language grammar should be more visible and connected with the Literature strand to support multi-modal literature teaching across all year levels.","# The Role of Gesture in Digital Multimodal Literature

This paper discusses the significance of gesture in understanding characterisation in digital multimodal literature.

## Importance of Gesture in Digital Literature
- **Definition:** Gesture plays a crucial role in characterisation within digital multimodal literature.
- **Example:** In stop-motion animations like *Coraline*, every gesture is intentional and meaningful.
- **Context:** Digital literature is increasingly popular in contemporary classrooms.
  
*Gesture is essential for conveying character meaning in digital narratives.*

---

## Proposed Framework for Attitudinal Meanings
- **Framework Purpose:** To understand attitudinal meanings conveyed by gesture.
- **Categories of Meaning:** Attitude, Engagement, and Graduation.
- **Application:** Analyzed Coraline’s gestures during critical moral choices.
  
*The framework aids in interpreting character personality and viewer empathy.*

---

## Findings on Gesture and Language
- **Comparison:** Coraline’s gestures and language do not convey identical attitudinal meanings.
- **Divergence:** Gesture often diverges from language, acting independently in expressing attitudes.
- **Challenge to Existing Notions:** Findings contradict the redundancy and complementarity theories of gesture and language (Buisine & Martin, 2007).
  
*Gesture adds unique meanings beyond what language conveys.*

---

## Educational Implications
- **Call for Change:** Advocates for a conceptual renovation in first language and e-literature education.
- **Gesture as a Resource:** Gesture enriches language meanings and serves as an independent semiotic resource.
- **Curriculum Alignment:** The proposed framework aligns with Language sub-strands in the ACE curriculum.
  
*Understanding gesture is vital for character interpretation in educational contexts.*

---

## Two-Layered Interpretation in Literature
- **Interpretation Process:** Viewers interpret animators' interpretations of characters' interiority.
- **Educational Strategy:** Encourages students to reflect on their interpretations against others'.
- **Curriculum Objectives:** Knowledge of gestural meanings supports achieving ACE content descriptors for literature.
  
*Multi-modal literature study enhances students' interpretative skills.*

---

## Recommendations for Curriculum Adjustment
- **Integration of Body Language:** Calls for a unified approach to body language in the Language strand.
- **Visibility of Body Language Grammar:** Emphasizes the need for clearer connections with the Literature strand.
- **Current Gaps:** Body language is mentioned only up to Year 3 in the Language and Literacy strands, not in Literature.
  
*Enhancing body language education is crucial for comprehensive multi-modal literature teaching.*",,
"Gregor Strojin, chair of the Ad hoc Committee on AI (CAHAI) at the Council of Europe and speaker at the AI4Good event, pointed out that, “while we should strive for increased efficiency, we should also keep in mind the essential aspect of justice in the eyes of citizens: They rely on trust and confidence in the functioning of the system.” Thus, the question we need to answer on the journey to improved justice systems is: How can we make institutions in juridical processes more accessible, accountable, and efficient for citizens?

The approach needs to be human centred: As a gamechanger for work in courts, administration, and police, AI should be implemented at the service of citizens. Keeping this in mind and along the four PublicGoesAI playgrounds Capgemini envisions for AI in public services, the technology´s benefits can be leveraged through a wide range of applications.
Some estimates suggest that 69% of the work done by legal assistants can be automated by existing technology, including AI. The same is true for between 16% and 21% of the work done by judges. Through natural language processing (NLP) for example, algorithms can get to work to review documents and contracts, validate, and find relevant ones. Not only does this reduce the amount of time required to process cases, it also decreases the cost of providing legal services. To bring these benefits to a US court, Capgemini upgraded their system to enable case creation and e-filing of documents, as well as e-reminders for hearings.
When confronted with juridical processes, citizens often have difficulties navigating the legal system. This is confirmed by a recent study in the UK, finding that 70% of consumers would prefer using an automated online system to handle legal affairs instead of a human lawyer because of three important factors: speed, cost, and ease of use.

Such online systems include AI-powered chatbots, or even comprehensive AI guides, walking humans through critical decisions that need to be made for their particular circumstances. In this context, AI can be used to make juridical processes more explainable and accessible to citizens.
Data is crucial to investigate complex matters and detect criminal incidents in due time. But although institutions dispose of a wide range of data, it is often unstructured and stored across organizational siloes. With AI, the full amount of data across different institutions can be used to detect anomalies. NLP can help extracting relevant information from unstructured data, or predictive analytics can enable crime investigators to detect suspicious activity by identifying and monitoring trends. For example, Manhattan´s District Attorney increased the number of human trafficking investigations they carry out yearly from 30 to 300, since using an AI-driven analytics software (UNICRI, 2020).
To integrate unstructured data into a common analytical environment, Capgemini developed the investigative tool Haystack. It is a customizable solution that provides seamless analysis for identifying anomalies. By applying AI to Haystack, investigations can be enhanced beyond data consolidation. Such AI solutions can alert law enforcement authorities to potential fraud and other criminal behavior, making justice systems more transparent and responsive with data-driven insights.
Judges need to take sensible decisions based on insights they analyse themselves. This makes decision making lack in-depth context and more vulnerable to bias. AI can access more of the relevant information to predict the outcomes of legal disputes and proceedings, thus supporting decision making in court.

According to a study from 2011, an AI trained on 200 years of supreme court records is already better than many human experts at predicting court decisions. Capgemini supported a Western European Ministry of Justice with a similar project: an analysis tool that fully uses available data from five years of law cases, consisting of around 12.000 decisions in court. The tool provides judges with a direct estimation of the amount of compensation for citizens. Given the historical data, the AI tool enables support in decision making, as well as analysing biases in jurisprudence.","- Gregor Strojin, chair of the Ad hoc Committee on AI (CAHAI) at the Council of Europe, emphasizes the importance of justice and trust in AI systems.
- Key question: How can we enhance accessibility, accountability, and efficiency in juridical processes for citizens?
- Approach must be human-centered: 
  - AI should serve citizens in courts, administration, and police.
  - Capgemini envisions four PublicGoesAI playgrounds for leveraging AI benefits in public services.
- Automation potential:
  - 69% of legal assistants' work can be automated with existing technology, including AI.
  - 16% to 21% of judges' work is also automatable.
- Natural Language Processing (NLP) applications:
  - Algorithms can review documents, validate, and find relevant contracts.
  - Reduces processing time and legal service costs.
- Capgemini's US court system upgrade:
  - Enabled case creation, e-filing of documents, and e-reminders for hearings.
- Citizens face challenges navigating the legal system:
  - 70% of UK consumers prefer automated online systems over human lawyers due to speed, cost, and ease of use.
- AI-powered solutions:
  - Chatbots and comprehensive AI guides assist citizens in critical legal decisions.
  - AI enhances explainability and accessibility in juridical processes.
- Data utilization:
  - Institutions have vast amounts of unstructured data across siloes.
  - AI can detect anomalies and support crime investigation through predictive analytics.
  - Example: Manhattan's District Attorney increased human trafficking investigations from 30 to 300 using AI-driven analytics.
- Capgemini's Haystack tool:
  - Customizable solution for seamless anomaly analysis.
  - AI alerts law enforcement to potential fraud and criminal behavior.
- Judges require in-depth context for decision-making:
  - AI can provide relevant information to predict legal outcomes and support court decisions.
- Study from 2011: AI trained on 200 years of supreme court records outperforms many human experts in predicting court decisions.
- Capgemini's project with a Western European Ministry of Justice:
  - Analysis tool using five years of law case data (12,000 decisions).
  - Provides judges with compensation estimations and analyzes biases in jurisprudence.","# Enhancing Justice Systems with AI

The integration of AI in legal processes can improve accessibility, accountability, and efficiency for citizens.

## Importance of Trust in Justice Systems
- **Gregor Strojin:** Chair of the Ad hoc Committee on AI (CAHAI) at the Council of Europe.
- **Quote:** “We should strive for increased efficiency while keeping justice in the eyes of citizens.”
- **Key Question:** How can we make institutions in juridical processes more accessible, accountable, and efficient for citizens?
- The focus should be on a human-centered approach to AI in public services.
  
AI can enhance trust and efficiency in justice systems.

---

## AI's Potential in Legal Work
- **Automation Potential:** 69% of legal assistants' work and 16-21% of judges' work can be automated.
- **Natural Language Processing (NLP):** Algorithms can review documents, validate, and find relevant contracts.
- **Cost Reduction:** AI reduces time and costs in legal service provision.
- **Capgemini's Upgrade:** Enabled case creation, e-filing, and e-reminders in US courts.

AI can significantly streamline legal processes and reduce costs.

---

## Citizen Preferences for Legal Services
- **UK Study:** 70% of consumers prefer automated online systems over human lawyers.
- **Factors:** Speed, cost, and ease of use drive this preference.
- **AI Solutions:** Include chatbots and comprehensive guides for legal decision-making.

AI can make legal processes more user-friendly and accessible.

---

## Data Utilization in Law Enforcement
- **Data Challenges:** Institutions have unstructured data stored across siloes.
- **AI Applications:** Detect anomalies and monitor trends using predictive analytics.
- **Manhattan's District Attorney:** Increased human trafficking investigations from 30 to 300 using AI-driven analytics (UNICRI, 2020).
- **Capgemini's Haystack Tool:** Customizable solution for anomaly detection and data analysis.

AI enhances data analysis capabilities in law enforcement.

---

## AI in Judicial Decision-Making
- **Judicial Insights:** Judges need comprehensive data to make informed decisions.
- **AI's Role:** Predicts outcomes of legal disputes and supports decision-making.
- **2011 Study:** AI trained on 200 years of supreme court records outperforms many human experts.
- **Capgemini's Project:** An analysis tool using five years of law case data to estimate compensation for citizens.

AI can improve the quality and fairness of judicial decisions.",,
"One of the most important research areas during the past two decades is the study of spatial epidemiology by GIS [28]. However, the study of spatial epidemiology requires answering a number of important inquiries, the most important of which are: Where do these epidemics occur? What are the environmental factors that lead to outbreaks of epidemics? What is the evolution of the spatial patterns of these epidemics? [29]. These questions can be answered through the GIS tool. For instance, GIS can determine the locations of epidemics, and uses demographic, economic, and environmental data to study and analyze spatial relationships within the affected area [30].
The epidemiological planning issue has been supported by various GIS studies in the healthcare planning area [31]. Geographers and spatial planners have focused on modeling epidemic diseases in many studies [32]. The socioeconomic characteristics of the population are considered one of the most important factors on which epidemiology studies are based. Mapping the spatial distribution of epidemic diseases can be implemented by a number of methods, the most important of which is the method of choropleth GIS maps. Through these maps, disease rates are drawn on a basic map in order to determine the severity of and vulnerability to an epidemic disease. Moreover, the spatial distribution of epidemic diseases can also be implemented by modeling the prediction of disease risk using the kernel estimation method [33].
There are a number of studies that have shown that GIS is a useful tool for epidemiological planning [19]. Cliff, Haggett and Ord [34] studied and analyzed influenza outbreaks in Iceland (see Figure 7). Before 1900, there were no records of this disease in Iceland. In contrast, the outbreak of the disease over a period of three decades contributed to providing a useful mapping test related to spatial patterns of disease spread. They found that the infection moved and spread hierarchically through the air. It moved from Reykjavik (the capital) to the smaller provinces, and then to the small towns, and eventually to the rural areas. When looking at the map outputs, it became clear that the hierarchical and spatial aspects of the patterns of disease spread were useful to spatial planners. This eventually contributed to overcome the influenza disease across urban and rural areas. Gould and Wallace [35] also used a hierarchical process to observe that HIV/AIDS began to spread in the United States in the early 1980s. To remedy the situation and manage the spread of the disease, they used GIS to map the current status and potential future in terms of disease spread. Moreover, they tried to map the disease spread as clusters to contain and understand the disease.
In the area of integration between GIS and epidemiological techniques, Rasam et al. [40] used an exploratory analysis approach to identify patterns of spatial distribution of cholera in the Sabah area of Malaysia. In this study, cholera cases were mapped using spatial statistics within a GIS enviroment (see Figure 8). An epidemiological technique (i.e., a cohort technique) was also used to examine the disease’s spread. As a result, it became clear that the disease was easily transferred from person to person, especially in the area within 1500 meters from the patient location and with contaminated water. Hence, this study showed that GIS is considered an effective epidemiological technique for mapping patterns of the spatial distribution and directions of disease.
Recently, the management of outbreaks of diseases such as Ebola and measles has become one of the most advanced practices in the epidemiological planning area. For example, during a measles outbreak in Disneyland in December of 2014, GIS maps played a large role in developing a general perception of the locations where children with the disease live, and the potential spatial directions for the spread of this disease. In addition, these maps have been recently used in the field of vaccination in various countries and throughout the United States to identify the locations that need higher rates of vaccination, as well as to identify the locations that seriously suffer from outbreaks of this type of disease [41].
According to Sones [42], GIS can map outbreak of diseases. In the USA, measles was thought to be eradicated in 2000. However, measles returned in 2019, with the CDC reporting at least 764 cases in 23 states. GIS maps related to the spread of measles were used by the Washington Post newspaper, where it appeared that most cases did not receive a vaccination, while 10% of those who were infected were vaccinated. However, it became clear through GIS maps that the incidence of measles has risen in geographical areas that contained children who had not received vaccination for the disease, and particularly of parents in 17 US states who were free to choose whether to vaccinate their children. Therefore, public health officials considered such areas as sources for the spread of measles. On the other hand, it became clear that measles may be transferred from one area to another through airborne hosts, especially in unvaccinated areas. Hence, decision-makers used GIS as a tool to compute measles cases and track the directions of disease outbreaks by mapping the disease. These maps helped decision-makers to reduce gaps in health services by identifying a number of factors (e.g., locations of patients, number of disease cases, and time period of the disease spread). Analysis of such data contributed to detecting areas of population suffering from a deficit of health services, and to identify optimal locations for these services in the future.
To sum up, many references were reviewed here to reveal what was written about the issue of epidemiological planning and disease mapping. A total of 12 studies were used to investigate the role of GIS in dealing with such issues. The studies focused on the United States, England, Italy, Saudi Arabia, India, and Malaysia. In addition, they included a total of 33 authors (range: from one author to seven authors), with half of the studies conducted by one author. Moreover, they were published by a total of seven core journals in the period from 1991 to 2019.","- Importance of spatial epidemiology research over the past two decades.
- Key inquiries in spatial epidemiology:
  - Locations of epidemics.
  - Environmental factors leading to outbreaks.
  - Evolution of spatial patterns of epidemics.
- GIS as a tool for answering these inquiries:
  - Determines epidemic locations.
  - Analyzes demographic, economic, and environmental data.
- Support for epidemiological planning through GIS studies.
- Focus of geographers and spatial planners on modeling epidemic diseases.
- Socioeconomic characteristics as crucial factors in epidemiology studies.
- Methods for mapping spatial distribution of epidemic diseases:
  - Choropleth GIS maps to illustrate disease rates.
  - Kernel estimation method for predicting disease risk.
- Studies demonstrating GIS's utility in epidemiological planning:
  - Cliff, Haggett, and Ord's analysis of influenza outbreaks in Iceland.
    - Disease spread from Reykjavik to rural areas.
  - Gould and Wallace's mapping of HIV/AIDS spread in the U.S.
- Integration of GIS and epidemiological techniques:
  - Rasam et al.'s exploratory analysis of cholera in Malaysia.
    - Mapping cholera cases using spatial statistics.
- Recent advancements in managing outbreaks (e.g., Ebola, measles):
  - GIS maps used during Disneyland measles outbreak in 2014.
  - Identification of vaccination needs and outbreak locations.
- Measles resurgence in the U.S. in 2019:
  - GIS maps revealing vaccination status of infected individuals.
  - Identification of unvaccinated areas as sources of spread.
- Decision-makers using GIS to track disease outbreaks and improve health services.
- Summary of reviewed studies on epidemiological planning and disease mapping:
  - 12 studies across various countries (U.S., England, Italy, Saudi Arabia, India, Malaysia).
  - Involvement of 33 authors, with half being single-author studies.
  - Publications in seven core journals from 1991 to 2019.","# The Role of GIS in Spatial Epidemiology

Spatial epidemiology has significantly advanced through the use of GIS over the past two decades.

## Importance of Spatial Epidemiology
- **Key Questions:** Where do epidemics occur? What environmental factors lead to outbreaks? What are the spatial patterns of these epidemics?
- GIS tools can answer these inquiries by analyzing demographic, economic, and environmental data.
- Understanding spatial relationships is crucial for effective epidemiological planning.

*GIS is essential for addressing critical questions in spatial epidemiology.*

---

## GIS in Healthcare Planning
- Various GIS studies support epidemiological planning in healthcare.
- Geographers and spatial planners model epidemic diseases using GIS.
- **Socioeconomic Factors:** Population characteristics are vital for epidemiological studies.
- **Mapping Methods:** Choropleth GIS maps visualize disease rates and vulnerability.
- **Kernel Estimation:** This method predicts disease risk spatially.

*GIS enhances the understanding of epidemic disease distribution and risk.*

---

## Case Studies in Epidemic Mapping
- **Influenza in Iceland:** Cliff, Haggett, and Ord analyzed outbreaks, revealing hierarchical spread from Reykjavik to rural areas.
- **HIV/AIDS in the USA:** Gould and Wallace mapped disease spread using GIS to manage outbreaks effectively.
- **Cholera in Malaysia:** Rasam et al. identified cholera patterns using spatial statistics and cohort techniques.

*Case studies illustrate GIS's effectiveness in mapping and managing disease outbreaks.*

---

## Recent Applications of GIS
- **Measles Outbreak (2014):** GIS maps helped identify locations of infected children and potential spread directions.
- **Vaccination Strategies:** GIS identifies areas needing higher vaccination rates to combat outbreaks.
- **Measles Resurgence (2019):** CDC reported 764 cases; GIS maps showed unvaccinated areas as sources of spread.

*Recent applications demonstrate GIS's role in outbreak management and vaccination planning.*

---

## Summary of Research Findings
- A total of 12 studies reviewed the role of GIS in epidemiological planning.
- Studies spanned the USA, England, Italy, Saudi Arabia, India, and Malaysia.
- Involved 33 authors, with half of the studies authored by a single individual.
- Published in seven core journals from 1991 to 2019.

*The research highlights the global impact of GIS on epidemiological studies and planning.*",,
"The basic results of this study are presented in Table 4.  It can be  seen that at each level of difficulty, for  both the  interview and multiple choice  test,  a  greater proportion of  the target words from a given passage were known by the subjects who had read that passage than by the subjects who had not.
Tables 5 and 6 summarize hierarchical multiple  regression analyses that were  performed following the  logic  of  within-subjects analysis of  variance.  The  comparisonwise alpha level was set at .01 to keep the experimentwise error rate within reasonable bounds. The  dependent measure  in  both  the  interview  and  multiple choice  analyses was whether or  not a  subject knew a given word at a given level, expressed as a percentage.
In  the  interview  analysis,  the  variables were entered in  the  following  order: (a)  Subject's Grand Mean, the subject's mean performance  on  all  target words,  entered first  in  the equation to  remove variance  associated  with differences between subjects, (b)  Prior Target Word Knowledge, the  subject's reported prior knowledge of the specific target word, based on the  pre-experimental checklist test,  (c)  Level, the  level  of  the  criterion for  word knowledge (for example, if a subject's response in the interview  was  scored  as  reflecting  Level  2  word knowledge, the subject was counted as knowing the word for Level =  1 and Level = 2,  but not for Level=3),  (d) Text Read, the text read by  the subject,  1 for  narrative and -1  for  exposition, (e)  Word Source,  which  identifies the  text in which that particular target word occurred, (f) Learning from Context, (g)  Reading Comprehension Ability, and (h) the Learning from Context  by  Reading  Comprehension  Ability interaction.
The analysis of the multiple choice data includes the  same variables. Level,  however, is defined slightly differently; in this case it simply  represents the level of difficulty of  a given multiple choice item. The multiple choice analysis  also includes the variable Position, the position of the item in the multiple choice test.
Of primary concern is  the variable Learning from Context. This variable actually is the interaction of  Text Read and Word Source.  It represents the degree to which subjects did better on  words from the passage they read-that is,  the extent to which they learned word meanings  from context. In both analyses, Learning from Context was highly significant.

The  interaction of  Learning from Context with the standardized measure of reading comprehension was not  quite significant in  either the interview analysis (.01  <  p  <  .05) or the multiple choice  analysis  (.05  <  p  <  .10), though as expected the trend was for more able subjects to learn more from context. It is possible that a wider range of ability among subjects would have made the interaction stronger.
Additional analyses were performed to explore the interactions of  learning from context with other factors. The  interaction of  learning from context with  Prior Target Word Knowl- edge  was  significant  for  the  multiple  choice data,  F(1,5046)  =  7.58,  p<  .01;  subjects learned  more  about  words  not  previously known. There was no  such trend in  the  interview analysis.

No  other  such  interactions with  learning from context were found. Notably, the interaction with Level was not significant (Fs  <  1.0) for either the interview or multiple choice data. Thus, amount of learning from context is independent of  the  criterion of  word knowledge. Other variables that did not influence learning from context were the sex of the subject, the sex of  the  interviewer, the  interaction of  the  subject's and interviewer's sex,  standardized vocabulary scores, general vocabulary knowledge as measured in the checklist test, interviewer identity, interviewer's teaching experience, version of multiple choice test used, the day and session the  subject was  tested,  subject's background knowledge of the passage topic as measured in the checklist test, and order of the target words as they occurred in the interview.","- Basic results presented in Table 4:
  - Greater proportion of known target words for subjects who read the passage compared to those who did not, across all difficulty levels.
  
- Tables 5 and 6 summarize hierarchical multiple regression analyses:
  - Conducted using within-subjects analysis of variance logic.
  - Comparisonwise alpha level set at .01 to maintain reasonable experimentwise error rate.
  - Dependent measure: percentage of subjects who knew a given word at a specific level.

- Interview analysis variables entered in the following order:
  1. Subject's Grand Mean: mean performance on all target words.
  2. Prior Target Word Knowledge: reported prior knowledge from pre-experimental checklist test.
  3. Level: criterion for word knowledge (e.g., Level 2 knowledge counts for Levels 1 and 2).
  4. Text Read: narrative (1) or exposition (-1).
  5. Word Source: identifies the text where the target word occurred.
  6. Learning from Context.
  7. Reading Comprehension Ability.
  8. Interaction of Learning from Context and Reading Comprehension Ability.

- Multiple choice analysis includes the same variables:
  - Level defined as the difficulty of the multiple choice item.
  - Additional variable: Position of the item in the test.

- Primary concern: Learning from Context
  - Interaction of Text Read and Word Source.
  - Indicates degree of learning word meanings from context.
  - Highly significant in both analyses.

- Interaction of Learning from Context with reading comprehension:
  - Not quite significant in interview analysis (.01 < p < .05) and multiple choice analysis (.05 < p < .10).
  - Trend: more able subjects learn more from context.
  - Wider ability range among subjects may strengthen interaction.

- Additional analyses on interactions of learning from context:
  - Significant interaction with Prior Target Word Knowledge for multiple choice data (F(1,5046) = 7.58, p < .01).
  - Subjects learned more about previously unknown words.
  - No significant trend in interview analysis.

- No other interactions with learning from context found:
  - Interaction with Level not significant (Fs < 1.0) for both analyses.
  - Learning from context independent of word knowledge criterion.
  
- Other variables not influencing learning from context:
  - Subject's sex, interviewer's sex, interaction of both sexes, standardized vocabulary scores, general vocabulary knowledge, interviewer identity, teaching experience, version of multiple choice test, testing day/session, subject's background knowledge, order of target words in interview.","# Study Results on Word Knowledge Acquisition

The study investigates the impact of reading context on word knowledge acquisition.

## Basic Results
- **Table 4:** Shows that subjects who read the passage knew more target words than those who did not.
- **Tables 5 and 6:** Present hierarchical multiple regression analyses based on within-subjects analysis of variance.
- **Alpha Level:** Set at .01 to maintain reasonable experimentwise error rates.
- **Dependent Measure:** Percentage of subjects who knew a given word at a specific level.

*The basic results indicate a clear advantage for subjects who read the passage.*

---

## Interview Analysis Variables
- **Order of Variables:**
  1. **Subject's Grand Mean:** Mean performance on all target words.
  2. **Prior Target Word Knowledge:** Reported knowledge from pre-experimental checklist.
  3. **Level:** Criterion for word knowledge based on interview scoring.
  4. **Text Read:** Narrative (1) or Exposition (-1).
  5. **Word Source:** Identifies the text where the target word appeared.
  6. **Learning from Context**
  7. **Reading Comprehension Ability**
  8. **Interaction:** Learning from Context by Reading Comprehension Ability.

*The interview analysis focuses on various factors influencing word knowledge.*

---

## Multiple Choice Analysis Variables
- **Similar Variables:** Includes the same variables as the interview analysis.
- **Level Definition:** Represents the difficulty of multiple choice items.
- **Additional Variable:** **Position:** The item's position in the multiple choice test.

*The multiple choice analysis mirrors the interview analysis with slight variations.*

---

## Learning from Context
- **Primary Concern:** Interaction of Text Read and Word Source indicating learning from context.
- **Significance:** Highly significant in both analyses.
- **Interaction with Reading Comprehension:** Not quite significant in either analysis (.01 < p < .05 for interview; .05 < p < .10 for multiple choice).

*Learning from context is a crucial factor in understanding word meanings.*

---

## Additional Analyses
- **Interactions Explored:** Learning from context with other factors.
- **Significant Interaction:** With Prior Target Word Knowledge in multiple choice data (F(1,5046) = 7.58, p < .01).
- **No Trend:** In interview analysis regarding prior knowledge.
- **No Other Significant Interactions:** Including with Level, sex of subject/interviewer, and other variables.

*Further analyses reveal limited interactions affecting learning from context.*",,
"The motivation behind this research stems from the pressing need to address the wear-related challenges faced by shearer picks in underground coal mining operations. Traditional picks made from high carbon steels have limitations in withstanding the harsh and abrasive mining environment, leading to rapid wear and degradation. As a consequence, mining operators face the constant burden of replacing worn picks, resulting in increased downtime and maintenance costs, as well as reduced overall productivity in coal mining operations. The adoption of laser cladding with Inconel 625 as a surface modification technique offers a promising solution to improve the wear resistance and durability of shearer picks. Inconel 625, known for its exceptional mechanical properties and resistance to corrosion, high temperatures, and wear, has shown potential for various industrial applications. Leveraging this material through laser cladding technology presents an opportunity to extend the service life of shearer picks and address the limitations of traditional pick materials. The successful implementation of laser-clad shearer picks can yield several significant benefits:
a. Enhanced Wear Resistance: By integrating Inconel 625 coatings on the surface of shearer picks through laser cladding, the inherent wear-resistant properties of this nickel-based superalloy can be harnessed. The laser-clad coatings are expected to exhibit superior resistance to abrasive wear, reducing the wear rate of the picks and significantly increasing their lifespan. This improvement in wear resistance can lead to more durable and reliable mining tools. b. Increased Productivity: The extended wear life of laser-clad shearer picks translates into reduced downtime in coal mining operations. As the picks remain operational for longer durations before requiring replacement, continuous mining operations can be sustained, leading to enhanced productivity and throughput. The ability to minimize interruptions due to frequent pick replacements can significantly improve the efficiency of coal extraction processes.
c. Cost Savings: The prolonged service life of laser-clad shearer picks has direct cost-saving implications for mining operators. By reducing the frequency of pick replacements, the associated operational costs for maintenance, replacement parts, and labor can be substantially reduced. Additionally, the cost savings extend to downtime-related expenses, as continuous mining operations result in optimized resource utilization.
d. Positive Environmental Impact: The application of laser-clad shearer picks contributes to sustainable mining practices and has a positive environmental impact. Longer-lasting picks mean reduced demand for raw materials and decreased waste generation from frequent pick replacements. By promoting resource efficiency and minimizing waste, the mining industry can take significant steps towards reducing its environmental footprint. Overall, the motivation behind this research lies in seeking a sustainable and cost-effective solution to improve the wear resistance and durability of shearer picks. By harnessing the unique properties of Inconel 625 through laser cladding, the study aims to enhance the efficiency and productivity of coal mining operations while minimizing operational costs and the environmental impact. The successful implementation of laser-clad shearer picks holds the potential to revolutionize mining tool technology and pave the way for safer, more sustainable, and economically viable coal extraction practices.","- Motivation for research:
  - Address wear-related challenges of shearer picks in underground coal mining.
  - Limitations of traditional high carbon steel picks in harsh mining environments.
  - Rapid wear leads to increased downtime, maintenance costs, and reduced productivity.

- Proposed solution:
  - Adoption of laser cladding with Inconel 625 for surface modification.
  - Inconel 625 offers exceptional mechanical properties and resistance to:
    - Corrosion
    - High temperatures
    - Wear
  - Opportunity to extend service life of shearer picks.

- Benefits of laser-clad shearer picks:
  - **Enhanced Wear Resistance:**
    - Inconel 625 coatings improve wear resistance.
    - Superior resistance to abrasive wear increases lifespan of picks.
    - Results in more durable and reliable mining tools.
  
  - **Increased Productivity:**
    - Extended wear life reduces downtime in coal mining operations.
    - Longer operational durations before replacement sustain continuous mining.
    - Minimizes interruptions, improving efficiency of coal extraction.

  - **Cost Savings:**
    - Prolonged service life reduces frequency of pick replacements.
    - Lowers operational costs for maintenance, replacement parts, and labor.
    - Decreases downtime-related expenses, optimizing resource utilization.

  - **Positive Environmental Impact:**
    - Contributes to sustainable mining practices.
    - Longer-lasting picks reduce demand for raw materials and waste generation.
    - Promotes resource efficiency and minimizes environmental footprint.

- Overall goal:
  - Seek a sustainable and cost-effective solution to improve wear resistance and durability of shearer picks.
  - Enhance efficiency and productivity of coal mining while minimizing costs and environmental impact.
  - Potential to revolutionize mining tool technology for safer, sustainable, and economically viable coal extraction.","# Enhancing Shearer Picks in Coal Mining

The research focuses on improving shearer picks' wear resistance in coal mining.

## Motivation for Research
- **Need for Improvement:** Address wear-related challenges of shearer picks in underground coal mining.
- **Limitations of Traditional Picks:** High carbon steels degrade quickly in harsh mining environments.
- **Consequences:** Increased downtime, maintenance costs, and reduced productivity for mining operators.
- **Proposed Solution:** Laser cladding with Inconel 625 to enhance durability and wear resistance.

*The research aims to find effective solutions for shearer pick wear issues.*

---

## Benefits of Laser-Clad Shearer Picks
- **Enhanced Wear Resistance:** 
  - Inconel 625 coatings improve resistance to abrasive wear.
  - Expected to significantly increase the lifespan of shearer picks.
- **Increased Productivity:** 
  - Longer operational durations reduce downtime for pick replacements.
  - Continuous mining operations lead to enhanced productivity and throughput.
- **Cost Savings:** 
  - Reduced frequency of pick replacements lowers maintenance and labor costs.
  - Continuous operations optimize resource utilization and minimize downtime expenses.
- **Positive Environmental Impact:** 
  - Longer-lasting picks decrease raw material demand and waste generation.
  - Promotes resource efficiency and reduces the mining industry's environmental footprint.

*Implementing laser-clad picks can transform mining operations and sustainability.*

---

## Conclusion
- **Research Goal:** Seek sustainable and cost-effective solutions for shearer picks.
- **Inconel 625 Benefits:** Enhances efficiency, productivity, and minimizes operational costs.
- **Potential Impact:** Revolutionize mining tool technology for safer and more sustainable coal extraction.

*The study aims to pave the way for innovative practices in coal mining.*",,
"While Pakistan’s situation is particularly acute, its overlapping crises are set to become a common occurrence in poor countries in the path of climate change. Multilateral development banks, Guterres said, need to make available concessional funding and rework their business models to allow countries to deal with extreme weather events without suffering from crippling debt loads. 
“We need first of all to recognize that we presently have a situation in the developing world in which countries are strangled by debt,” Guterres said. “We need to redesign our financial system in order to be able to take into account vulnerability and not only GDP when decisions are made about concessional funding to countries around the world.”
Citing a recent discussion with Kenyan President William Ruto, Guterres noted that his home country of Portugal – whose debt is 117.7% of GDP – is easily able to access loans at interest rates of 4%, while the lowest offer presented to Kenya was 14%. 

“It is very clear that the present system is biased. The system was conceived by a group of rich countries and naturally benefits rich countries,” he said. “It shows that there is a basic injustice in the system and that we need effective reform.”
Despite the painful conditions associated with the IMF loan, Sharif emphasized that Pakistan’s government “will do everything to comply with the terms and conditions” of the programme. Dialogues appealing to the IMF for “compassion” and “breathing space” are ongoing, he said.

“I hope that member states that control the boards of these institutions will be able to implement the kind of reforms that are needed to establish more justice,” Guterres concluded. 
Combat the infodemic in health information and support health policy reporting from the global South.  Our  growing network of journalists in Africa, Asia, Geneva and New York connect the dots between regional realities and the big global debates, with evidence-based, open access news and analysis. To make a personal or organisational contribution click here on PayPal.","- Pakistan is facing acute overlapping crises due to climate change.
- Multilateral development banks need to:
  - Provide concessional funding.
  - Rework business models to help countries manage extreme weather without incurring crippling debt.
- Guterres highlights the debt situation in developing countries:
  - Countries are ""strangled by debt.""
  - Financial systems need redesign to consider vulnerability, not just GDP.
- Example from Kenya:
  - Portugal's debt is 117.7% of GDP, accessing loans at 4% interest.
  - Kenya's lowest loan offer was 14%.
- Guterres points out:
  - The current system is biased towards rich countries.
  - There is a basic injustice that requires effective reform.
- Despite IMF loan conditions, Pakistan's government is committed to compliance.
- Ongoing dialogues with the IMF for ""compassion"" and ""breathing space.""
- Guterres hopes for reforms from member states controlling financial institutions to establish more justice.
- Support health policy reporting from the global South through a network of journalists.
- Contributions can be made via PayPal.","# Climate Change and Debt in Developing Countries

The crises faced by Pakistan highlight a growing trend among poor nations affected by climate change.

## Overlapping Crises in Developing Countries
- **Debt Crisis:** Countries are ""strangled by debt,"" impacting their ability to respond to climate change.
- **Call for Reform:** Guterres emphasizes the need to redesign financial systems to consider vulnerability, not just GDP.
- **Concessional Funding:** Multilateral development banks must provide concessional funding to help countries manage extreme weather without incurring crippling debt.

*The financial system needs urgent reform to support vulnerable nations.*

---

## Inequities in Loan Access
- **Loan Disparities:** Portugal's debt is 117.7% of GDP, yet it accesses loans at 4% interest; Kenya's lowest offer is 14%.
- **System Bias:** Guterres states the current system favors rich countries, highlighting a fundamental injustice.

*The existing financial framework is inequitable and requires significant changes.*

---

## Pakistan's Compliance with IMF
- **IMF Loan Conditions:** Despite challenges, Pakistan's government is committed to complying with IMF terms.
- **Appeals for Compassion:** Ongoing dialogues with the IMF seek ""compassion"" and ""breathing space"" for Pakistan.

*Pakistan is navigating difficult conditions while seeking leniency from the IMF.*

---

## Call for Global Action
- **Need for Justice:** Guterres urges member states to implement reforms for a fairer financial system.
- **Support for Health Reporting:** Emphasis on combating misinformation and supporting health policy reporting from the global South.

*Global cooperation is essential for addressing these systemic issues.*",,
"The  design  team  that  developed  the  original  probes  anticipated  that  the approach would inspire the design community. In their playfulness, openness, and embrace of ambiguity and absurdity, probes seemed to mirror aspects of the design process itself. Equally, embodying an appreciation for the limits of knowledge  appeared  valuable  in  maintaining  room  for  imagination.  Letting go of comprehensiveness, replicability and convergence is liberating in moving design away from the accountability of scientific approaches. The situated and idiosyncratic  nature  of  the  resulting  process  made  the  originators  loath  to construct formal probe methods: ‘the results might be beautiful but as heartless and  superficial  as  an  advertising  brochure’  (Gaver  et  al.,  2004a).  However, the  originators  also  anticipated  that  the  probe  process  would  be  taken  up  in ways that conflicted with the original mindset. We will explore two of the most common approaches to adaptation that veer from the spirit of the probes and examine the drive underpinning this conflict.
The  first  adaptation  uses  the  probes  as  a  form  of  discount  ethnography  – where the probe process is justified as a means for gaining rich insights without the  typical  time  required  for  an  ethnographic  immersion  in  the  field.  This misunderstanding about the probe process was perhaps sparked by the probes’ origin  story  when  the  designers  acknowledged  a  gap  of  time  and  distance prohibiting  extensive  field  studies  (Gaver  et  al.,  2001).  Yet,  the  decision  to use  probes  was  not  dictated  by  pragmatic  constraints  alone,  but  also  by  the values  the  researchers  wanted  to  explore.  In  the  Domestic  Probes  situation, field studies in a local setting would have been an option but were not selected. In both cases, the probes were chosen not because they could yield rich insights more quickly than field studies but because they would stimulate unexpected responses and provoke new ideas in a playful and open manner.
Furthermore,  although  there  may  be  discount  approaches  to  the  probe process, there is nothing cut-rate about the process itself. Designers may spend less time in the field, but time is shifted, not saved. The possibility of a discount method  only  materializes  by  ignoring  critical  aspects  of  the  process,  for instance by recycling an existing probe kit instead of developing a unique one or skipping the essential sketching stage of the process (Boehner et al., 2007). A discount approach to the probe process typically selects a few popular probe artefacts: e.g. a disposable camera with a set of tasks, a journal, and a set of postcards. Results from the probes are used for a brainstorming session that quickly leads to prototype designs. A discount approach to the probes leads to discount designs.
The second adaptation seeks information instead of inspiration for design. In this case, a packet of probes is employed as a data-gathering tool in an effort to reduce possibilities rather than to expand them. The probe results are often combined with interviews or some other data gathering technique, either done in parallel or as a follow up, as the researchers seek clarification about what a participant meant by a particular probe response. Researchers advancing an information approach to probes latch on to the invective to make the process fun,  engaging  and  beautiful.  Yet,  they  ignore  the  value  the  probes  place  on embracing uncertainty, eschewing a formulaic approach and avoiding valida tion of a single right answer. As a result, this information approach to the probes jazzes  up  generic  surveys  or  questionnaires,  but  leaves  the  survey  mindset intact. The information approach proposes a conversation between researcher and researched, but it is a conversation toward a set conclusion.
Both  of  these  common  adaptations  draw  on  examples  of  specific  probe artefacts rather than the approach behind them. In other words, the probe kit becomes  the  methodology  as  opposed  to  the  methodology  influencing  the design and implementation of the probes. Although both the Cultural Probes and Domestic Probes used a collection of probe artefacts, this is not the only possible instantiation of the probe methodology. One of the critical elements of probes is that it forces the designers out of familiar patterns of seeing and interpreting  –  simply  relying  on  a  standard  tool  kit  would  not  meet  this requirement.

Both  the  discount  and  information  approach  to  the  probes  spring  from  a scientific  mindset  that  seeks  description,  certainty,  and  a  univocal  narrative free from the bias of researchers. The probes mindset challenges these values, replacing  them  with  an  appreciation  for  partial  access,  engagement  and inspiration. Using probes embraces intervention, uncertainty and projection in order to balance a grounded account of participants with the kind of openness that  inspires  design.  Those  who  seek  to  adapt  probes  to  their  own  research ends should be aware of what they are taking on and what they might be leaving behind.","- The design team aimed to inspire the design community with their original probes.
- Probes reflect playfulness, openness, and embrace of ambiguity, mirroring the design process.
- Appreciation for the limits of knowledge fosters imagination in design.
- Moving away from scientific accountability liberates the design process.
- The originators hesitated to formalize probe methods due to concerns about superficial results.
- Anticipation of conflicting adaptations of the probe process was acknowledged.
- Two common adaptations that diverge from the original probe spirit will be explored.

**First Adaptation: Discount Ethnography**
- Probes used as a quick method for rich insights without extensive field immersion.
- Misunderstanding arose from the probes' origin story regarding time and distance constraints.
- Probes were chosen for their potential to stimulate unexpected responses, not just for speed.
- Discount methods ignore critical aspects of the probe process.
- Common elements of a discount approach include:
  - Recycling existing probe kits.
  - Skipping essential sketching stages.
  - Using popular artefacts (e.g., disposable cameras, journals, postcards).
- Results lead to quick brainstorming sessions and prototype designs.
- Discount approaches result in discount designs.

**Second Adaptation: Information Gathering**
- Probes used as data-gathering tools to reduce possibilities rather than expand them.
- Often combined with interviews or other data-gathering techniques for clarification.
- Researchers focus on making the process engaging but overlook the value of uncertainty.
- Information approaches jazz up generic surveys but maintain a survey mindset.
- Proposes a conversation aimed at a set conclusion rather than open exploration.

- Both adaptations focus on specific probe artefacts rather than the underlying methodology.
- The probe kit becomes the methodology, rather than the methodology shaping the probes.
- Critical element of probes: forcing designers out of familiar patterns of interpretation.
- Reliance on standard tool kits fails to meet the requirement for innovation.

- Both adaptations stem from a scientific mindset seeking certainty and univocal narratives.
- The probes mindset values partial access, engagement, and inspiration.
- Using probes embraces intervention, uncertainty, and projection for a balanced design approach.
- Adapting probes requires awareness of what is gained and what may be lost.","# Adaptations of Probe Methodology in Design

The original probe design aimed to inspire creativity in the design community.

## Original Intent of Probes
- **Purpose:** Probes were designed to reflect the design process's playfulness and ambiguity.
- **Value of Knowledge Limits:** Emphasizing the importance of imagination over comprehensive scientific methods.
- **Quote:** ""The results might be beautiful but as heartless and superficial as an advertising brochure"" (Gaver et al., 2004a).
- **Anticipation of Misuse:** Originators expected adaptations that diverged from the original intent.
  
The original intent of probes was to foster creativity and imagination in design.

---

## First Adaptation: Discount Ethnography
- **Definition:** Probes used as a quick ethnographic tool for insights without deep immersion.
- **Origin Story:** Initial use was influenced by time and distance constraints (Gaver et al., 2001).
- **Choice of Probes:** Selected for their potential to provoke unexpected responses, not just for speed.
- **Misconception:** Discount methods ignore critical aspects, like unique probe development.
- **Common Artefacts:** Often include disposable cameras, journals, and postcards for quick brainstorming.
  
The discount ethnography adaptation undermines the depth and creativity of the probe process.

---

## Second Adaptation: Information Gathering
- **Purpose:** Probes used as data-gathering tools to reduce design possibilities.
- **Method:** Often combined with interviews for clarification on probe responses.
- **Misalignment:** This approach overlooks the value of uncertainty and avoids open-ended exploration.
- **Outcome:** Results in generic surveys rather than fostering creative dialogue.
  
The information gathering adaptation limits the exploratory nature of the probe methodology.

---

## Common Issues with Adaptations
- **Focus on Artefacts:** Both adaptations emphasize specific probe artefacts over the underlying methodology.
- **Methodology Misunderstanding:** The probe kit is mistaken for the methodology itself.
- **Critical Element:** Probes should challenge designers to see beyond familiar patterns.
  
Both adaptations reflect a misunderstanding of the probe methodology's intent and potential.

---

## Conclusion
- **Scientific Mindset:** Both adaptations stem from a desire for certainty and univocal narratives.
- **Probes Mindset:** Emphasizes partial access, engagement, and inspiration over rigid structures.
- **Awareness Needed:** Adapting probes requires understanding what is gained and what is lost in the process.

Understanding the implications of adapting probes is crucial for maintaining their original spirit.",,
"•  Be prepared: Think about the different reactions, positive and negative, that the person might have so you’re prepared. The person will be thinking about their perception of mental illness, you as a person and how the two fit together. •  Choose a good time: Choose a time and place when you feel comfortable and ready to talk. •  Be ready for lots of questions...or none: The person you are talking might have lots of questions or need further information to help them understand. Or they might feel uncomfortable and try to move the conversation on – if this happens it’s still helpful that the first step has been taken. •  An initial reaction might not last: The person might initially react in a way that’s not helpful – maybe changing the subject, using clichés rather than listening. But give them time. •  Have some information ready: Sometimes people find it easier to find out more in their own time – why not have one of our leaflets to hand?
•  Keep it light: We know that sometimes people are afraid to talk about mental health because they feel they don’t know what to say or how to help. So keeping the conversation light will help make you both feel relaxed. •  Take up opportunities to talk: If someone asks you about your mental health, don’t shy away, be yourself and answer honestly. •  Courage is contagious: Often once mental health is out in the open people want to talk. Don’t be surprised if your honesty encourages other people to talk about their own experiences.
You don't have to be an expert to talk about mental illness. If your friend had a broken leg or an operation, you probably wouldn't think twice about asking how they are. Anyone can experience a mental health problem, so being able to openly speak about these issues is important to us all. You don't need to be an expert, though. Sometimes, just doing the little things, like asking someone how they are, is all it takes to let someone know you're still thinking about them and make a big difference to how they're feeling.
1.  Talk, but listen too: Simply being there will mean a lot. 2.  Keep in touch: Meet up, phone, e-mail, or text. 3.  Don't just talk about mental health: Chat about everyday things as well. 4.  Remind them you care: Small things can make a big difference. 5.  Be patient: Ups and downs can happen.","- Be prepared: 
  - Anticipate different reactions (positive and negative).
  - Consider the person's perception of mental illness and how it relates to you.
  
- Choose a good time: 
  - Select a comfortable time and place for the conversation.
  
- Be ready for lots of questions...or none: 
  - The person may have many questions or may feel uncomfortable and change the subject.
  - Recognize that initiating the conversation is a significant first step.
  
- An initial reaction might not last: 
  - The person may initially respond unhelpfully (e.g., changing the subject).
  - Allow them time to process the conversation.
  
- Have some information ready: 
  - Provide resources (like leaflets) for the person to explore at their own pace.
  
- Keep it light: 
  - Maintain a relaxed atmosphere to ease fears about discussing mental health.
  
- Take up opportunities to talk: 
  - Be open and honest when someone inquires about your mental health.
  
- Courage is contagious: 
  - Your openness may encourage others to share their experiences.

- You don't have to be an expert to talk about mental illness:
  - Just like asking about a physical injury, it's important to check in on mental health.
  - Simple gestures, like asking how someone is, can make a significant difference.

1. Talk, but listen too: 
   - Your presence and willingness to listen matter.
   
2. Keep in touch: 
   - Use various methods (meet up, phone, email, text) to stay connected.
   
3. Don't just talk about mental health: 
   - Engage in conversations about everyday topics as well.
   
4. Remind them you care: 
   - Small gestures can have a big impact.
   
5. Be patient: 
   - Understand that emotional ups and downs are normal.","# Talking About Mental Health

Open conversations about mental health can foster understanding and support.

## Preparation for the Conversation
- **Be Prepared:** Anticipate various reactions, both positive and negative.
- **Choose a Good Time:** Select a comfortable time and place for discussion.
- **Expect Questions:** The other person may have many questions or none at all.
- **Initial Reactions May Change:** Be patient if the initial response is unhelpful.
- **Have Information Ready:** Provide resources like leaflets for further understanding.

It’s essential to approach the conversation with readiness and patience.

---

## Creating a Comfortable Environment
- **Keep It Light:** Light conversation can ease discomfort around mental health topics.
- **Seize Opportunities:** Respond honestly when asked about your mental health.
- **Courage is Contagious:** Your openness may encourage others to share their experiences.

Fostering a relaxed atmosphere can lead to more meaningful discussions.

---

## Ongoing Support
1. **Talk, but Listen Too:** Your presence and attention matter significantly.
2. **Keep in Touch:** Regular communication through various means is important.
3. **Discuss Everyday Topics:** Balance conversations about mental health with casual chats.
4. **Remind Them You Care:** Small gestures can have a significant impact.
5. **Be Patient:** Understand that emotional ups and downs are normal.

Consistent support and care can make a substantial difference in someone's life.",,
"Building performance covers a wide variety of aspects. In the past and for the immediate future much attention is rightfully devoted to energy efficiency of buildings and communities. However, it is vitally important to realize that the primary purpose of buildings is to protect against undesirable outside conditions, and in the case of commercial buildings and homes, to provide healthy, comfortable and also, in many cases, productive indoor environments. Awareness of the significant potential benefits of providing these features is rapidly increasing; see Figure 1.1. As such, it can be expected that indoor environmental quality for health and well-being will arguably become more important than energy- related performance in the not-so-   distant future.

From the perspective outlined above, building energy performance should not be addressed as an objective in itself, but rather as a cost function. Other important challenges that the built environment must manage include:
•  The range of scale from tiny to enormous buildings; •  The range of construction from “do it yourself” to industrial; •  The idiosyncrasy of bespoke buildings that present unique challenges in the design, building and operational phases; •  The wide variety of stakeholders in the built environment with varying and often conflicting interests; •  The  necessity  for  building  designs  to  compromise  or  optimize  depending  on  available resources and (conflicting) stakeholder “wishes”; •  The expected longevity of buildings and their future uses; •  The increasing complexity of buildings and integrated building systems; •  The increasing interconnectedness of buildings at the local and district levels; •  The change from energy consumer to energy prosumer; •  And more.
Despite the above discussion, immediate legislative pressures have placed decarbonization of the energy supply for residential and tertiary sectors high on the agenda. At present, fossil fuel consumption of buildings is responsible for a considerable portion of the total CO2 emissions. The EU low- carbon economy roadmap (EU 2011) suggests that by 2050, the EU should cut  greenhouse  gas  emissions  to  80%  below  1990  levels.  Important  milestones  on  the  way to achieving this target are 40% emissions cuts by 2030 and 60% by 2040. As indicated in Figure 1.2, the current policy will not have the desired effect, and thus all sectors will need to contribute and collaborate where necessary.

For the building sector, this implies the need to contribute many innovative building solutions  such  as  building-  integrated  electricity  production,  energy  storage  systems,  adaptive building skins, switchable glazing, super- insulation, demand response, etc. Furthermore, these innovative solutions must be thoroughly tested to understand how they can be integrated into existing  buildings  or  combined  and  optimized  in  new  designs,  and  to  determine  how  robust they may be to future scenarios.
Thus, the ultimate challenge for the building sector is to achieve a zero-carbon built envi  ronment by designing and developing high- performance buildings with indoor environments optimized for health, comfort and/or productivity. T  o face such a complex challenge, expertise is required from many different technical and non- technical disciplines. This expertise should be integrated and managed in a multi-actor, multi-  scale, multi-   physics and performance-based approach.

We believe that computational building performance modelling and simulation potentially offers huge opportunities in this endeavour.","- Building performance encompasses various aspects.
- Current focus on energy efficiency for buildings and communities.
- Primary purpose of buildings:
  - Protect against undesirable outside conditions.
  - Provide healthy, comfortable, and productive indoor environments.
- Increasing awareness of the benefits of indoor environmental quality for health and well-being.
- Anticipated shift in importance from energy-related performance to indoor environmental quality.
  
- Building energy performance should be viewed as a cost function, not an objective.
- Key challenges in the built environment:
  - Range of scale from tiny to enormous buildings.
  - Construction methods from DIY to industrial.
  - Unique challenges of bespoke buildings in design, construction, and operation.
  - Diverse stakeholders with varying and conflicting interests.
  - Need for design compromises based on resources and stakeholder wishes.
  - Longevity of buildings and their future uses.
  - Increasing complexity of buildings and integrated systems.
  - Interconnectedness of buildings at local and district levels.
  - Transition from energy consumers to energy prosumers.
  
- Legislative pressures prioritize decarbonization of energy supply in residential and tertiary sectors.
- Fossil fuel consumption in buildings contributes significantly to CO2 emissions.
- EU low-carbon economy roadmap (EU 2011) targets:
  - 80% reduction in greenhouse gas emissions by 2050 (below 1990 levels).
  - 40% emissions cut by 2030.
  - 60% emissions cut by 2040.
- Current policies may not achieve desired effects; collaboration across sectors is essential.

- Building sector must develop innovative solutions:
  - Building-integrated electricity production.
  - Energy storage systems.
  - Adaptive building skins.
  - Switchable glazing.
  - Super-insulation.
  - Demand response.
  
- Innovative solutions require thorough testing for integration into existing buildings and optimization in new designs.
- Ultimate challenge: achieve a zero-carbon built environment with high-performance buildings that optimize indoor environments for health, comfort, and productivity.
- Requires expertise from various technical and non-technical disciplines.
- Need for a multi-actor, multi-scale, multi-physics, and performance-based approach.
- Computational building performance modeling and simulation offers significant opportunities.","# Building Performance and Energy Efficiency

Building performance encompasses various aspects, with a growing focus on energy efficiency and indoor environmental quality.

## Importance of Indoor Environmental Quality
- **Primary Purpose:** Buildings protect against undesirable outside conditions and provide healthy, comfortable indoor environments.
- **Future Focus:** Indoor environmental quality may surpass energy performance in importance.
- **Awareness:** Increasing recognition of the benefits of quality indoor environments.

*Indoor environmental quality is becoming a priority in building performance.*

---

## Challenges in Building Energy Performance
- **Scale Variability:** Buildings range from tiny to enormous.
- **Construction Diversity:** Includes DIY projects to industrial construction.
- **Bespoke Challenges:** Unique design and operational challenges for custom buildings.
- **Stakeholder Interests:** Conflicting interests among various stakeholders.
- **Design Compromises:** Need to optimize designs based on resources and stakeholder wishes.
- **Building Longevity:** Consideration of future uses and expected lifespan.
- **Complexity:** Increasing complexity of buildings and integrated systems.
- **Interconnectedness:** Buildings are becoming more interconnected at local and district levels.
- **Energy Transition:** Shift from energy consumers to energy prosumers.

*The built environment faces numerous challenges in energy performance management.*

---

## Legislative Pressures and Emission Targets
- **Decarbonization Focus:** Immediate pressures prioritize decarbonization in residential and tertiary sectors.
- **Fossil Fuel Impact:** Buildings contribute significantly to total CO2 emissions.
- **EU Roadmap:** By 2050, the EU aims for an 80% reduction in greenhouse gas emissions from 1990 levels.
- **Milestones:** 40% reduction by 2030 and 60% by 2040.
- **Policy Effectiveness:** Current policies may not achieve desired outcomes; collaboration across sectors is essential.

*Legislative pressures drive the need for significant emission reductions in the building sector.*

---

## Innovative Solutions for Building Sector
- **Innovative Solutions Needed:** Building-integrated electricity production, energy storage, adaptive skins, switchable glazing, super-insulation, demand response.
- **Testing and Integration:** Solutions must be tested for integration into existing buildings and optimization in new designs.
- **Robustness Assessment:** Understanding how solutions perform under future scenarios is crucial.

*Innovative building solutions are essential for achieving sustainability goals.*

---

## Achieving a Zero-Carbon Built Environment
- **Ultimate Challenge:** Design and develop high-performance buildings with optimized indoor environments.
- **Expertise Required:** Collaboration across technical and non-technical disciplines is necessary.
- **Integrated Approach:** A multi-actor, multi-scale, multi-physics, and performance-based approach is essential.

*Achieving a zero-carbon built environment requires comprehensive expertise and collaboration.*

---

## Role of Computational Modelling
- **Opportunities in Modelling:** Computational building performance modelling and simulation can provide significant opportunities for improvement.

*Computational modelling holds promise for enhancing building performance and sustainability.*",,
"— The relation →n models normal small steps of execution, that is, those steps that may occur in the absence of an attacker. This relation is deliberately incomplete: Many states are “stuck,” including those where Dc ( M c (pc)) = illegal. — The relation →a models attack steps. In such a step, an attacker may unconditionally and arbitrarily perturb data memory and nondistinguished registers. For example, the attacker may modify a part of memory to contain a bit pattern that appears elsewhere in memory. Thus, intuitively, the attacker can read all of memory. An attack step is quite similar to the possible effect of a computation step in another execution thread (which our model does not represent). In particular, another thread can access all of memory and arbitrarily modify data memory. Moreover, registers are specific to a thread, and the values of the registers of one thread might be affected by another thread if those values are read from memory (possibly after being “spilled” into memory). An attack step, therefore, corresponds to a computation step in another thread if the values of general registers may be read from memory, but those of distinguished registers are not. On the other hand, for simplicity, an attack step need not be restricted to computable functions.
(1)  The definition of →n implies NXD (i.e., that data cannot be executed as code). Similarly, the definitions of →n and →a imply NWC (i.e., that code memory cannot be modified at runtime). As indicated in Section 3.3, NXD and NWC are often reasonable assumptions. (2)  The definition of →a allows for the possibility that the attacker is in control of data memory. As indicated in the introduction, this aspect of the model of the attacker is conservative but unfortunately close to reality. (3)  The definition of →a implies that the attacker cannot modify the distinguished registers r0 , r1 , and r2 . Our proofs require only a weaker assumption, namely that the attacker cannot modify r0 , r1 , and r2 during the execution of CFI enforcement code. Section 3.3 argues the practicality of such assumptions on registers. (4)  The machine model and the definition of →n exclude the possibility that a jump would land in the middle of an instruction. In practice, many architectures (RISC architectures, in particular) exclude this possibility, and our x86 CFI implementation prevents it. For simplicity, we do not address this feature in the formal analysis.
6.2.4 A More Permissive Semantics of Programs under Attack. Assumptions NXD and NWC do not hold in some settings, for example, on architectures without memory-protection facilities. We should, therefore, consider an alternative to the program semantics of Section 6.2.3. For brevity, and since there is no risk of ambiguity, we reuse the symbols →n , →a , and →.
The  resulting  relaxed  definition  of  normal  execution  steps  is  shown  in Figure 15. These normal steps can arbitrarily violate NXD and NWC, possibly under the indirect influence of an attacker. On the other hand, the rules for attack steps and general steps remain those of Section 6.2.3. In particular, we still require that an attack step cannot directly alter code memory, the distinguished registers, or the program counter. We believe that these restrictions often hold in practice. Moreover, they are necessary: Without them, an attacker could trivially create new code (outside the original CFG) and trigger its execution.","- The relation →n models normal small steps of execution:
  - Represents steps occurring without an attacker.
  - Deliberately incomplete; many states are “stuck,” including those where Dc (M c (pc)) = illegal.
  
- The relation →a models attack steps:
  - An attacker can unconditionally and arbitrarily perturb data memory and nondistinguished registers.
  - Example: Attacker may modify memory to contain a bit pattern that appears elsewhere.
  - Intuitively, the attacker can read all of memory.
  - Similar to the effect of a computation step in another execution thread.
  - Another thread can access all memory and modify data memory.
  - Registers are specific to a thread; values may be affected by another thread if read from memory.
  - An attack step corresponds to a computation step if general registers may be read from memory, but distinguished registers are not.
  - Attack steps need not be restricted to computable functions.

- Key implications:
  1. Definition of →n implies NXD (data cannot be executed as code).
  2. Definitions of →n and →a imply NWC (code memory cannot be modified at runtime).
     - NXD and NWC are often reasonable assumptions.
  3. Definition of →a allows the attacker to control data memory.
     - This aspect is conservative but close to reality.
  4. Definition of →a implies the attacker cannot modify distinguished registers r0, r1, and r2.
     - Proofs require only that the attacker cannot modify these registers during CFI enforcement code execution.
     - Section 3.3 discusses the practicality of these assumptions.
  5. Machine model and definition of →n exclude jumps landing in the middle of an instruction.
     - Many architectures (especially RISC) exclude this possibility.
     - x86 CFI implementation prevents it.
     - This feature is not addressed in the formal analysis for simplicity.

- More Permissive Semantics of Programs under Attack:
  - Assumptions NXD and NWC may not hold in some settings (e.g., architectures without memory-protection).
  - An alternative to the program semantics of Section 6.2.3 is considered.
  - Reuse symbols →n, →a, and → for brevity and clarity.
  - Relaxed definition of normal execution steps can violate NXD and NWC under indirect attacker influence.
  - Rules for attack steps and general steps remain as in Section 6.2.3.
  - Attack steps cannot directly alter code memory, distinguished registers, or the program counter.
  - These restrictions are often practical and necessary to prevent attackers from creating new code and triggering its execution.","# Execution Steps and Attacker Influence

The text discusses the modeling of execution steps in the presence of an attacker.

## Normal Execution Steps (→n)
- **Definition:** Models normal small steps of execution without an attacker.
- **Incomplete Relation:** Many states are “stuck,” including illegal states where Dc(Mc(pc)) = illegal.
- **Implications:** Implies NXD (data cannot be executed as code) and NWC (code memory cannot be modified at runtime).
- **Assumptions:** NXD and NWC are often reasonable assumptions in practice.

*Normal execution steps are foundational to understanding system security.*

---

## Attack Steps (→a)
- **Definition:** Models steps where an attacker can perturb data memory and nondistinguished registers.
- **Memory Access:** An attacker can read all of memory and modify it arbitrarily.
- **Thread Interaction:** Attack steps resemble computation steps in another thread, affecting general registers.
- **Register Restrictions:** Attackers cannot modify distinguished registers r0, r1, and r2 during CFI enforcement code execution.

*Attack steps illustrate the potential vulnerabilities in execution models.*

---

## More Permissive Semantics
- **Context:** Assumptions NXD and NWC may not hold in architectures without memory protection.
- **Relaxed Definition:** Normal execution steps can violate NXD and NWC under attacker influence.
- **Rules for Attack Steps:** Attack steps cannot alter code memory, distinguished registers, or the program counter.
- **Necessity of Restrictions:** Without restrictions, attackers could create and execute new code outside the original control flow graph (CFG).

*The permissive semantics highlight the need for robust security measures in program execution.*",,
"Sample. A convenience sample was used to obtain responses, which limits our ability to generalize the findings across the entire population of special education teachers working with students with complex communication needs. These results can only be interpreted as descriptive indicators of the participants in the present study. Although teachers represented all 50 states, we cannot control for the implications of this sampling method. In addition, personal demographic data were not collected for the responding teachers or their students. Without this information, we have no way to estimate the generalizability of the findings beyond the sample, as we do not know how the demographic profile of our sample compares to the larger population of special education teachers and their students. However, given the large sample size obtained, practitioners and researchers should consider these results to likely relate to their populations. Caution should be expressed when assuming the generalizability of these findings when looking at populations around the world that do not have access to some of the high-tech communication systems the students in this population had access to.
Future research should consider collecting data using forced-choice response options and not allow for multiple responses with a ‘‘check-all-that-apply’’ format. With these answer limitations, researchers are open to making additional correlations without excessive missing data that may make additional statistical analysis possible. Additionally, it would prove more valuable if the survey did not allow participants to skip without responding, as in many cases it became impossible to determine if skipping the question indicated that none of the answers applied or if the respondent simply chose not to answer. Several valuable questions became less useful to the analysis because the lack of a response could not be used to reliably distinguish between subjects answering no, subjects intentionally skipping the question, and subjects that exited the survey on an earlier question. Teacher questions appearing after student looped questions were often missed when respondents dropped before completing the number of student question loops they specified.
When interpreting the results of the responses, various questions were not robust enough to support clearer results. For example, the question, ‘‘Describe how you are helping all students in your classroom communicate,’’ lacked answers worded with commonly known language associated with evidence-based practices. Piloting the survey with more explicit choices would have proven valuable when painting a picture of the environment these students were exposed to and the practices their teachers engaged in. In addition, given that teacher training was such a central focus of this study, we would suggest future researchers ask more specific questions about the nature of the teacher training, including the use of specific evidence-based practices. The individual questions regarding training (using categorical data) were acceptable for the current analysis but there was no way of collapsing the training types into total training statements about their total or overall training. This was a result of the range of training duration options for each category (i.e., a participant may have selected 1–3 hr of parent training but 16þ hr of professional development). A few additional questions that took into account total training time within each category (instead of range options) would have made it possible to make some statistical inferences using continuous data (instead of the ordinal data that were offered). This would have provided us the opportunity to talk about directionality in more of the relationships.
Association between variables was the only analysis done with the data in this study. This limited analysis could only provide information on the strength of relationships and could not provide information about the direction of the relationships. We were able to demonstrate that the training a special education teacher received does impact the use of strategies to support students with complex communication needs. We were also able to demonstrate teacher training correlated to the student’s reported level of use of AAC. However, different analysis would be necessary to examine how specifically these variables impact each other. Although it is possible that any training would directly benefit the teachers over no training at all, we should look more closely at which types of training would be the most beneficial.
Future research should include students who use natural speech as their primary communication mode. While not reportedly using AAC devices, this population of students using natural speech, who are not understood by familiar  listeners,  would  benefit from  AAC.  When evaluating a sample of students who use AAC when communicating, by excluding students using natural speech, researchers may obtain skewed results towards proficient access.","- A convenience sample was used, limiting generalizability of findings across all special education teachers with students having complex communication needs.
- Results are descriptive indicators for participants in the study.
- Teachers represented all 50 states, but implications of the sampling method cannot be controlled.
- Personal demographic data for teachers and students were not collected, hindering generalizability estimates.
- Large sample size suggests results may relate to broader populations, but caution is advised regarding global applicability, especially in areas lacking high-tech communication systems.
- Future research should:
  - Use forced-choice response options instead of ""check-all-that-apply"" formats to reduce missing data.
  - Prevent participants from skipping questions to clarify responses.
  - Include more explicit choices in survey questions to enhance clarity and usefulness of data.
  - Ask specific questions about teacher training, focusing on evidence-based practices.
  - Consider total training time within categories for better statistical analysis.
- Current analysis only assessed associations between variables, limiting insights on relationship directionality.
- Training impacts the use of strategies for supporting students with complex communication needs.
- Teacher training correlates with students' reported use of AAC.
- Further analysis is needed to explore the specific impacts of different training types.
- Future research should include students who primarily use natural speech, as excluding them may skew results towards proficient AAC access.","# Limitations and Recommendations for Special Education Research

A convenience sample limits the generalizability of findings regarding special education teachers and students with complex communication needs.

## Sampling Limitations
- **Sample Type:** Convenience sample restricts generalization across the entire population.
- **Demographics:** No personal demographic data collected for teachers or students.
- **State Representation:** Teachers represented all 50 states, but implications of sampling method remain uncontrolled.
- **Generalizability Caution:** Findings may not apply to global populations lacking high-tech communication systems.
- **Sample Size:** Large sample size suggests relevance to practitioners and researchers, but caution is advised.

*The sampling method poses significant limitations on the applicability of the findings.*

---

## Future Research Recommendations
- **Response Format:** Use forced-choice response options instead of ""check-all-that-apply"" to reduce missing data.
- **Question Skipping:** Prevent participants from skipping questions to clarify responses.
- **Question Robustness:** Improve question clarity, especially regarding evidence-based practices in communication.
- **Training Specificity:** Ask specific questions about teacher training and evidence-based practices.
- **Training Duration:** Include total training time questions to allow for continuous data analysis.

*Future research should focus on refining survey methods and question clarity to enhance data quality.*

---

## Data Analysis Limitations
- **Analysis Type:** Only association between variables was analyzed, limiting insights on relationship direction.
- **Training Impact:** Training impacts the use of strategies for students with complex communication needs.
- **AAC Correlation:** Teacher training correlates with students' reported use of AAC.
- **Further Analysis Needed:** More detailed analysis required to understand the impact of training types.

*Current analysis provides limited insights; further research is needed to explore training effectiveness.*

---

## Inclusion of Diverse Communication Modes
- **Natural Speech Students:** Future research should include students using natural speech as their primary communication mode.
- **AAC Exclusion Impact:** Excluding students who use natural speech may skew results towards proficient AAC access.

*Inclusion of diverse communication modes is essential for comprehensive research outcomes.*",,
"Whether you are just starting out in your coaching business or are well-established, creating a master list of potential clients and strategically reaching out to them is crucial to growing your business.

If you’ve already launched your business, you can still use this model to reach out to a group of clients you haven’t tapped into yet.

Here’s a step-by-step list for doing this right:
2.  Get out your product list and assign names f rom your brainstorm to the specific products you feel each potential client could use 3.  Send an email letting each person (per menu item) know about the product you are now offering and offer to get on the phone and discuss it with them (for instance, send an email to everybody you know who might need sales training, mission statement workshops, life plan creation and so on) 4.  Keep growing your list of potential clients and keep sending emails that offer to jump on a call or Zoom meeting to discuss the deliverables
•  Do you feel like your business has a clear mission and everybody on the team understands their specific role? •  Could you be closing more sales? •  Do you believe your marketing message is clear or are customers confused about what you offer? •  Are you operating the business out of a separate checking account than your personal account and if so, do you have real-time optics into your profit? •  Do you feel alone in the burden of making sure the business makes money every month or do you have a leadership team that carries that burden with you? •  Do you have an operations manager that runs the company so your time is free to do what you do best? •  Are there any products you could bundle together as a package to
Questions like this serve a single purpose: They help the potential client you are talking to realize they need help. Not only this, but when your potential client realizes they need help, you have a specific product at a specific price you can offer that will help them solve their problem.

In essence, growing your business is a twofold process: 1.  Help potential clients realize they have a problem 2.  Offer a product that solves their problem
This all sounds simple, but in the whirlwind of daily activity, getting people to realize they have a problem and then recognizing your product as a solution to that problem will require a concentrated communication strategy. Start a list of potential clients, create email copy to send to them, and start emailing and getting together with potential clients soon.

Remember, less than 10% of the potential clients you contact will actually do business with you, so your list needs to be robust and you need to continue to work it as though you are a full-time salesperson. That said, if you keep working your list, word-of-mouth tends to catch on and in a couple years, you will not have to work so hard to attain clients.
When considering whether to hire you as a coach, potential clients are going to visit your website. It’s inevitable. When they do, you’ll want them to encounter a clear offer. Your website is a terrific place to explain your value, display a menu of products, and close sales.

When you get your website right, not only are you presenting a clear offer to potential clients, you’re going through an exercise in which you clarify your offer to yourself. A good coach knows why they are valuable and can articulate that value clearly. And because they can do this, they can teach their clients to do the same.","- Creating a master list of potential clients is crucial for business growth.
- This model can be used even after launching your business to reach untapped clients.
- Step-by-step process:
  1. Get your product list.
  2. Assign names from your brainstorm to specific products for potential clients.
  3. Send emails to inform each person about the product and offer a phone discussion.
  4. Continue growing your list and sending emails to schedule calls or Zoom meetings.
- Key questions to consider:
  - Is your business mission clear and understood by the team?
  - Are you closing enough sales?
  - Is your marketing message clear to customers?
  - Are you managing business finances separately from personal accounts?
  - Do you have a leadership team to share the burden of profitability?
  - Is there an operations manager to free your time for core activities?
  - Can you bundle products into packages?
- Purpose of these questions: Help potential clients realize they need assistance.
- Growing your business involves:
  1. Helping clients recognize their problems.
  2. Offering solutions through your products.
- Importance of a concentrated communication strategy to convey problems and solutions.
- Start a list of potential clients and create email copy for outreach.
- Expect that less than 10% of contacted clients will engage, necessitating a robust list.
- Consistent effort can lead to word-of-mouth referrals over time.
- Potential clients will visit your website; ensure it presents a clear offer.
- A well-crafted website clarifies your value and product offerings.
- A good coach articulates their value clearly and teaches clients to do the same.","# Growing Your Coaching Business

Creating a master list of potential clients and reaching out is essential for business growth.

## Importance of Client Outreach
- **Client List:** Essential for both new and established coaching businesses.
- **Reaching Untapped Clients:** Even after launching, you can still connect with new clients.
- **Strategic Communication:** Focus on targeted outreach to maximize effectiveness.

---

## Step-by-Step Outreach Process
1. **Product List:** Assign potential clients to specific products based on their needs.
2. **Email Communication:** Inform clients about new offerings and suggest a call to discuss.
3. **Continuous Growth:** Regularly update your client list and maintain communication.

---

## Key Questions for Potential Clients
**Do you feel like your business has a clear mission and everybody on the team understands their specific role?**  
- **Sales Opportunities:** Assess if you could be closing more sales.
- **Marketing Clarity:** Determine if your marketing message is clear to customers.
- **Financial Management:** Ensure separation of business and personal accounts for better profit tracking.
- **Leadership Support:** Evaluate if you have a team to share the burden of business success.
- **Operational Management:** Consider hiring an operations manager to free up your time.
- **Product Bundling:** Explore opportunities to bundle products for better offers.

These questions help clients recognize their needs and your solutions.

---

## Twofold Process of Business Growth
1. **Problem Recognition:** Assist clients in realizing they have a problem.
2. **Solution Offering:** Present a product that addresses their specific issue.

Effective communication is crucial for this process.

---

## Importance of a Robust Client List
- **Conversion Rate:** Expect less than 10% of contacts to convert into clients.
- **Ongoing Effort:** Treat client outreach as a full-time sales role.
- **Word-of-Mouth:** Consistent effort can lead to easier client acquisition over time.

---

## Website as a Sales Tool
- **Client Research:** Potential clients will visit your website before hiring you.
- **Clear Offer:** Ensure your website presents a clear value proposition and product menu.
- **Self-Reflection:** Clarifying your offer helps you articulate your value to clients.

A well-structured website enhances your ability to attract and convert clients.",,
"3.1.1. Meteorological Drought Meteorological droughts are typically described in terms of the extent and duration of a precipitation shortage.  They happen when dry weather patterns dominate an area and can begin and end rapidly.  They usually precede all other kinds of droughts [9,10]. Meteorological droughts contain stochastic, nonlinear, and non-stationary data, making it difficult for models to build, learn, and give precise predictions for drought forecasting [11].
3.1.2. Agricultural Drought Agricultural droughts are triggered by below-regular precipitation and above-regular temperatures/wind that evaporate moisture from soils and plants.  They combine with diverse meteorological (or hydrological) droughts and lead to agricultural consequences. Factors such as precipitation deficits, variations in the actual evapotranspiration capacity (evaporation from the soil and different surfaces and transpiration from plants), soil water deficits, and decreased water availability facilitate the detection and tracking of agricultural droughts [12–14].
3.1.3. Hydrological Drought Hydrological droughts arise due to water scarcity, particularly in streams, reservoirs, and groundwater levels, and regularly follow an extended length of meteorological drought. Hydrological droughts are commonly out of sync with or follow the meteorological and agricultural droughts. Hence, they are directly associated with the duration of precipitation shortfall on the floor and the subsurface water supply [15–17].
3.1.4. Socioeconomic Drought Socioeconomic droughts occur when droughts (meteorological, agricultural, or hydrological droughts) affect the demand for economic items such as fruits, vegetables, grains, and meat. Socioeconomic droughts occur when the demand for goods exceeds the supplies due weather-associated deficits in water delivery. Even if a socioeconomic drought resolves, the preceding water shortfall might cause long-term consequences and affect the local water sources system’s resilience [18–20].
3.2.2. Global Drought Information Systems The Global Drought Information Systems (GDIS) [21] is an international plan that pools together the best non-prescriptive drought information from local to national providers and compares global drought conditions and resources. Its goal is to provide sustainable global water delivery and track water sources worldwide to avoid drought and water scarcity. The continental drought video display units monitor the drought conditions on every continent. The records are provided to NCEI and included within the Global Drought Monitor product, which maps worldwide droughts in-depth. Drought was a triggering parameter in determining food scarcity in various regions.

Additionally, the system assesses the accuracy and reliability of the European Centre for Medium-Range Weather Forecasts (ECMWF), SEAS seasonal forecasts, and North American Multi-Model Ensemble forecasts (in addition to those of different centers). Figure 4 shows the different types of drought indices. Figure 5 illustrates the regional and global drought monitoring and prediction systems worldwide. Table 1 presents a list of regional and global drought monitoring and prediction systems worldwide.","- **3.1.1. Meteorological Drought**
  - Described by extent and duration of precipitation shortage
  - Occurs when dry weather patterns dominate an area
  - Can begin and end rapidly
  - Typically precedes other types of droughts
  - Contains stochastic, nonlinear, and non-stationary data
  - Difficult for models to build, learn, and predict accurately

- **3.1.2. Agricultural Drought**
  - Triggered by below-normal precipitation and above-normal temperatures/wind
  - Evaporates moisture from soils and plants
  - Combines with meteorological/hydrological droughts leading to agricultural consequences
  - Factors for detection include:
    - Precipitation deficits
    - Variations in actual evapotranspiration capacity
    - Soil water deficits
    - Decreased water availability

- **3.1.3. Hydrological Drought**
  - Arises from water scarcity in streams, reservoirs, and groundwater levels
  - Often follows extended meteorological drought
  - Out of sync with meteorological and agricultural droughts
  - Directly associated with duration of precipitation shortfall

- **3.1.4. Socioeconomic Drought**
  - Occurs when droughts affect demand for economic items (fruits, vegetables, grains, meat)
  - Happens when demand exceeds supply due to weather-related water deficits
  - Long-term consequences may affect local water systems' resilience

- **3.2.2. Global Drought Information Systems**
  - International plan pooling non-prescriptive drought information
  - Compares global drought conditions and resources
  - Aims for sustainable global water delivery and tracking
  - Continental drought video display units monitor conditions on every continent
  - Records provided to NCEI and included in Global Drought Monitor
  - Assesses accuracy and reliability of various weather forecasts
  - Figures and tables illustrate drought indices and monitoring systems","# Types of Drought and Global Monitoring Systems

Meteorological, agricultural, hydrological, and socioeconomic droughts impact water resources and food supply.

## Meteorological Drought
- **Definition:** Described by the extent and duration of precipitation shortage.
- **Characteristics:** Occurs when dry weather patterns dominate; can begin and end rapidly.
- **Precedence:** Usually precedes all other types of droughts.
- **Challenges:** Contains stochastic, nonlinear, and non-stationary data, complicating forecasting models.

Meteorological droughts are critical for understanding subsequent drought types.

---

## Agricultural Drought
- **Causes:** Triggered by below-normal precipitation and above-normal temperatures/wind.
- **Consequences:** Leads to agricultural impacts due to moisture loss from soils and plants.
- **Detection Factors:** Includes precipitation deficits, evapotranspiration capacity, soil water deficits, and water availability.

Agricultural droughts are closely linked to meteorological conditions and have significant impacts on food production.

---

## Hydrological Drought
- **Definition:** Arises from water scarcity in streams, reservoirs, and groundwater.
- **Timing:** Often follows meteorological droughts and is out of sync with agricultural droughts.
- **Association:** Directly related to the duration of precipitation shortfalls affecting surface and subsurface water.

Hydrological droughts highlight the long-term effects of precipitation deficits on water resources.

---

## Socioeconomic Drought
- **Definition:** Occurs when droughts impact the demand for economic goods like food.
- **Mechanism:** Arises when demand exceeds supply due to water delivery deficits.
- **Long-term Effects:** Previous water shortages can have lasting impacts on local water systems.

Socioeconomic droughts illustrate the broader economic implications of water scarcity.

---

## Global Drought Information Systems
- **Purpose:** An international initiative to consolidate drought information from various providers.
- **Goal:** To ensure sustainable global water delivery and monitor water resources to prevent drought.
- **Monitoring Tools:** Continental drought video displays and the Global Drought Monitor product.
- **Assessment:** Evaluates the accuracy of various weather forecasts, including ECMWF and SEAS.

Global Drought Information Systems play a crucial role in tracking and managing drought conditions worldwide.",,
